word,"english definition","part of speech","alternate word",class,dialect,ipa,etymology,notes,sample,"source language"
-can,'s,AFF,,,PRM,ˈt͡ʃan,,"A clitic that is to be applied only when the owner of the noun would use a casual first person pronoun (ká, aya, cán, or zahal).",,
-nya,'s,AFF,,,,ˈɲa,,"A clitic that is to be applied only when the owner of the noun would use a casual first person pronoun (ká, nyu, aya, or zahal).",,
-sona,-er,AFF,,,,ˈso.nə,"From Old Rokadong *sonnan ""causer, creator"".","Applies to nouns or verbs to indicate a person characterized by the root. When part of the compound word is a type of person, that word replaces this affix.",,
jan-,-er,AFF,,,,ˈd͡ʒan,"From Matelian ""janka"" (person).","Applies to nouns or verbs to indicate a person characterized by the root. When part of the compound word is a type of person, that word replaces this affix.",,
le-,-ful,AFF,,,,ˈle:,,"A shortening of ""lekar"" (to fill).",,
énda-,-ly,AFF,,,,ˈe:n.də,"From Old High Kanafan *heimda ""like a, as a"".",,,
mida,"ability affix",AFF,,,,ˈmi.də,"From Sainen ""midâ"" (ability).","Attach to the end of words one might attach the English affix ""-able"" to, or for ""the ability to do xyz"".",,
béyahik,above,ADP,,,,be:ˈja.ik,,,,
nentajang,abugida,N,,,,nɛnˈta.d͡ʒaŋ,"Literally ""Nenta letters"". Rokadong's abugida is based on Classical Nenta.",,,
rumvira,abyss,N,,,,ɾʊmˈvi.ɾa,"Portmanteau of ""ruvi nila"" (inky water, literally dark blue).",,,
dah~on,"accidental aspect indicator",AFF,,,,"ˈdaʔ .on",,"The <o> and especially the <h> are frequently elided when this circumfix is applied.",,
pá,"accusative case marker",PTC,,,,ˈpa:,,,,
sakar,add,V,,,,ˈsa.kaɾ,,,,
itto,after,ADP,ihto,,,ˈit.to,"Clipping of igato; subsumed its meaning except in formal contexts.",,,
igato,after,ADP,,,,iˈga.to,,,,
faidín,again,ADV,,,,ˈfai.di:n,,,,
cíkar,age,V,,,,ˈt͡ʃi:.kaɾ,,,,
joida,age,N,,,,ˈd͡ʒoi.da,,,,
raravien,agender,ADJ,,,,ˌɾa.ɾaˈvi.en,"Reduplication of ""ravien"".",,,
tayu,air,N,,KC,,ˈta.ju,,,,
catúra,alcohol,N,,,,t͡ʃəˈtu:.ɾa,,"Technically refers specifically to Rokaselan spirits, but is frequently used as a general word for alcoholic beverages.",,
tékuha,all,NUM,,,,te:ˈku.ə,,,,
níkadar,allow,V,,,,ni:ˈka.daɾ,,,,
nikada,allowance,N,,KC,,niˈka.də,,,,
kalgarajang,alphabet,N,,,,ˌkal.gaˈɾa.d͡ʒaŋ,"Literally ""Calgara letters"". Calgaran uses an alphabet.",,,
kalya,also,ADV,,,,ˈka.lʲa,,"Used in negative clauses.",,
taya,also,ADV,,,,ˈta.jə,,,,
akaimar,amaze,V,,,,əˈkai.maɾ,,,,
tai,and,C,,,,ˈtai,"From Classical Nenta ta ye ""and last"".","Prescribed to be used only at the end of a list, but many speakers use it for the entire list.",,
ta,and,C,,,,ˈta,,,,
rútar,anger,V,,,,ˈru:.taɾ,,,,
anrúta,angry,ADJ,,,,anˈɾu:.tə,,,,
yasha,animal,N,,NMW,,ˈjas.ə,,,,"Early Rokadong"
bonikar,announce,V,,,,boˈni.kaɾ,,,,
bonikanaka,announcement,N,,MY,,boˌni.kaˈna.kə,,,,
taishar,annoy,V,,,,ˈtai.ʃaɾ,,,,
antaisha,annoyed,ADJ,,,,anˈtai.ʃa,,"Derived from antaisharon ""to be annoyed"".",,
tenataisha,annoying,ADJ,,,,ˌte.nəˈtai.ʃa,,"Derived from tenataishar ""to cause annoyance"".",,
fai,another,ADJ,,,,ˈfai,,,,
néjakr,answer,V,,,,ˈne:.d͡ʒakʀ,"From Classical Nenta nedsaka~nejaka ""direction"". Doublet of neshah.",,,"Classical Nenta"
néja,answer,N,,MY,,ˈne:.d͡ʒa,"From Classical Nenta nedsaka~nejaka ""direction"". Doublet of neshah.",,,"Classical Nenta"
tékrazil,anybody,N,,NMW,,te:kˈʀa.ʒɪl,,,,
tékaca,anything,P,,,,te:ˈka.t͡ʃə,,,,
kanvar,appear,V,,,,ˈkan.vaɾ,,,,
laurada,"aquatic bird",N,,KR,,lauˈɾa.da,,,,
favelo,area,N,,KC,,faˈve.lo,,,,
sefakr,argue,V,,,,ˈse.fakʀ,"From Kairitelan sefãké ""to dispute, to argue against.""","Used instead of sefadr except in ""argue with"".",,Kairitelan
sefadr,"argue with",V,,,,ˈse.fadɾ,"From Kairitelan sefãda, from Old Linnerian sevenda.",,,Kairitelan
sefad,argument,N,,,,ˈse.fad,"From Kairitelan sefãda ""to discuss"", from Old Linnerian sevenda ""discourse, politics.""",,,Kairitelan
résha,arm,N,,TM,,ˈɾe:.ʃə,,,,
hagyar,arrive,V,,,,ˈha.gʲaɾ,,,,
arya,ash,N,,LK,,ˈa.ɾʲa,,,,
ru,assertion,PTC,,,,ˈʀu,,"Expresses confidence in the preceding statement, and may also be equivalent to the English tag question ""you know?"". Phonemically /ɾu/.",,
ai,at,ADP,,,,ˈai,,,,
vola,autumn,N,,KG,,ˈvo.lə,,,,
temba,back,N,,KR,,ˈtɛm.bə,,,,
kaha,backwards,N,,,,ˈka.ə,,,,
shion,bad,ADJ,shiqon,,,ˈʃi.ʝɔn,,,,
pekkil,ball,N,,,,ˈpɛk.kɪl,"Literally ""peko"" + ""-kil"". As a result, likely meant ""spherical"", but was used as a noun so much it became the primary definition.",,,
taikun,band,N,,FR,,ˈtai.kʊn,,,,
sekai,bark,N,,TM,,ˈse.kai,,,,
kityas,base,N,,,,ˈki.tʲaθ,,,,
ikityas,basic,ADJ,,,,iˈki.tʲaθ,,,,
salúrká,bathe,V,,,,"saˈlu:ɾ .ka:",,,,
mushán,bay,N,mužán,,,ˈmu.ʃa:n,,,,
feza,be,V,fež,,,ˈfe.zə,"From Imperial Karanesa ""fê sha"" with the same meaning. Doublet of ""vel"".","Equivalent to English ""there be"".",,
vel,be,V,,,,ˈvɛl,,,,
nuya,beach,N,nuqa,KC,,ˈnu.jə,,,,
renya,beast,N,,KR,,ˈɾe.ɲə,,,,
yu,because,C,,,,ˈju,,,,
konká,become,V,,,,"ˈkɔn .ka:",,"Reflexive unless causative. Used for personal, emotional, and physical changes.",,
pikarká,become,V,,,,"piˈkaɾ .ka:",,"Reflexive unless causative. Used for social or professional change.",,
zanta,bee,N,,KR,,ˈzan.tə,,,,
kahamkil,before,ADP,,,,kaˈhaŋ.kɪl,,,,
ikaham,behind,ADP,,,,iˈka.ham,,,,
lihat,belly,N,,TM,,ˈli.at,,,,
bétarek,below,ADP,,,,be:ˈta.ɾɛk,,,,
cadányang,berry,N,,,,t͡ʃəˈda:.ɲaŋ,"Clipping of cadányangga.","Originally referred to fruits from bushes specifically; semantically expanded to refer to all fruits not referred to as ""kúzi"".",,
cadányangga,berry,N,,,,ˌt͡ʃa.da:ˈɲaŋ.ga,"Compound of ""cadán"" and ""angga"".","Originally referred to fruits from bushes specifically; semantically expanded to refer to all fruits not referred to as ""kúzi"".",,
ada,between,ADP,,,,ˈa.də,,,,
kyun-,between,AFF,,,,ˈkʲʊn,,,,Debazi
himar,bind,V,,,,ˈhi.maɾ,,,,
tayang,bird,N,,KR,,ˈta.jaŋ,,,,
pahah,"bird of prey",N,,KR,,ˈpa.haʔ,,,,
nyuwét,birth,V,,,,ˈɲu.we:t,"From ""nyuwa hítar"" (to get/have been born).",,,
hítar,birth,V,,,,ˈhi:.taɾ,,"Means specifically ""to give birth""",,
nashár,bite,V,,,,ˈna.ʃa:ɾ,,,,
ruvim,black,ADJ,,,,ˈɾu.vɪm,,,,
ciyá,blood,N,ciqá,KR,,ˈt͡ʃiʝ.a:,,,,
vanir,blow,V,,,,ˈva.nɪɾ,,,,
nila,blue,ADJ,,,,ˈni.lə,,,,
yaki,board,N,,TM,,ˈja.ki,,"Also refers specifically to a signboard or notice board, of the kind one puts messages on.",,
cana,body,N,,KR,,ˈt͡ʃa.nə,,"As in, that of a living thing - razil or koro nouns. Typically this noun is a koro noun even when it refers to something that is a razil noun, in much the same vein that parts of the body are koro nouns even when they belong to a razil noun.",,
kalá,bone,N,,KR,,ˈka.la:,,,,
vale,bottom,ADP,,,,ˈva.le,,,,
kalih,boulder,N,,KC,,ˈka.lɪʔ,,,,
kawah,bowl,N,,TH,,ˈka.waʔ,,,,
jingna,brain,N,,,,ˈd͡ʒɪn.na,"From Imperial Karanesa ginganak; use of /dʒ/ appears to be by analogy to native jinkir, which has the same root.",,,"Imperial Karanesa"
tela,branch,N,,TL,,ˈte.lə,,,,
karakr,break,V,,,,ˈka.ɾakʀ,,"While this serves both as a ""stop working"" and ""make unusable"" verb, the latter would be causative at least in ""proper"" Rokadong.",,
taho,breast,N,,KR,,ˈta.o,,,,
lulu,breast,N,,,,ˈlu.lu,,,,"Classical Nenta"
rahakr,breathe,V,,,,ˈɾa.hakʀ,,,,
turí,brick,N,,,,ˈtu.ɾi:,,,,
turí,brick,N,,,,ˈtu.ɾi:,,,,
níruka,bridge,N,,TL,,ˈni:.ɾu.ka,,,,
raze,bright,ADJ,,,,ˈɾa.ze,,,,
byular,bring,V,,,,ˈbʲu.laɾ,,,,
astona,bronze,N,,,,asˈto.na,,,,
nica,brother,N,,,,ˈni.t͡ʃə,,,,
simbar,brush,V,,,,ˈʃɪm.baɾ,,,,
destár,build,V,deztár,,,ˈdɛs.ta:ɾ,,,,
árir,burn,V,,,,ˈa:.ɾɪɾ,,"Used both for something on fire (nata árirpan téril = I burned the wood) and for someone injured by fire (nata árirpan laté (toká) = I burned my hand).",,
angga,bush,N,,,,ˈaŋ.ga,,"Basically, if the ""yarit""'s trunk isn't visible without getting very close, it's a ""angga.""",,
unote,business,N,,RZ,,uˈno.te,,,,
ket,but,C,,,,ˈkɛt,,,,
mahorusta,butterfly,N,,,,ˌma.oˈɾʊs.tə,"Literally ""colorful moth"".",,,
munnar,buy,V,mungnar,,,ˈmʊn.naɾ,,,,
fomah,cake,N,,FR,,ˈfo.maʔ,,"Refers to rice patties or cakes, mainly, as the principal grain of Quillan is most similar to rice.",,
tyakir,calculate,V,,,,ˈtʲa.kɪɾ,"From Sanényan ""tyakira"" (calculate), Proto-Saneta ""dakira"" (count, calculate).","Doublet of ""count."" See also akidir.",,
mar,can,V,,,,ˈmaɾ,,,,
razdaisen,cannon,N,,,,ɾazˈdai.sɛn,"Originally a reduplication of ""raisen"" meaning ""heavy artillery"". This got simplified to its current form and suppleted the original definition of ""raisen"" as ""cannon"".",,,
jemir,"care for",V,,,,ˈd͡ʒe.mɪɾ,,,,
netr,carry,V,,,,ˈnɛtɾ,,,,
kucifa,cat,N,,,,kuˈt͡ʃi.fa,,,,
gúza,cattle,N,gúða,KR,,ˈgu:.zə,"From Imperial Karanesa gûtha, with the same meaning.","Refers to cattle in general; use gender adjectives for ""cow"" or ""bull"".",,
yumi,cave,N,,KC,,ˈju.mi,,,,
zunzunar,celebrate,V,,,,zʊnˈzu.naɾ,,,,
zunzundín,celebration,N,,KG,,zʊnˈzʊn.di:n,,,,
ruvafukar,censor,V,,,,ˌɾu.vaˈfu.kaɾ,,"Holds the meaning ""to forbid"" as well, leading to ""mayafukar"" falling into disuse.",,
satai,centre,N,,KC,,ˈsa.tai,,"The ""satai"" doesn't have to be physical.",,
sai,century,N,,KG,,ˈsai,,,,
liasan,challenge,N,,,,liˈa.san,,,,
vuráfir,change,V,,,,vuˈɾa:.fɪɾ,,,,
vakar,change,V,,,,ˈva.kaɾ,,,,
micelar,cheat,V,,,,miˈt͡ʃe.laɾ,"From Debazi micela ""lie, false"".",,,
renaz,cherry,N,renað,LK,,ˈɾe.nað,,,,
kokoya,chestnut,I,,,,koˈko.ja,"Portmanteau of Old Rokadong kókó and yaritə.","Primarily refers to the tree; can also refer to the fruit through semantic extension, but technically the phrase ""kokoya kúzi"" is prescribed.",,
naita,child,N,,,,ˈnai.ta,"Backformation formed by likeness to Matelian ""neiji"" (Rokadong ""naiji"").",,,
kita,child,N,,RZ,,ˈki.tə,,,"Kita Barbie vel, káya gun shika to Barbie.",
nairenya,chimera,N,,,,naiˈɾe.ɲa,"From Classical Nenta sonairhinia ""person-beast.""",,,
tamis,chip,N,,NMW,,ˈta.mɪθ,,,,
adawa,choice,N,,MY,,aˈda.wə,,,,
adawar,choose,V,,,,aˈda.waɾ,,,,
payan-pakan,city,N,,KC,,ˌpa.jamˈpa.kan,,,,
pola,city,N,,KC,,ˈpo.lə,"From Sanényan pòlya.","Commonly used in city names or city-related words, but less common for referring to ""the city"" in general.",,
polahubisha,city-state,N,,,,poˌla.uˈbi.ʃə,"Literally ""pola"" (from Sanenyan for city) + ""ubisha"" (from Sanenyan for state).",,,
tala,claw,N,,KR,,ˈta.lə,,,,
nevá,clay,N,,KC,,ˈne.va:,,,,
vibrisai,clever,ADJ,,,,vɪbˈɾi.sai,"Literally ""good-eyed.""",,,
puramir,climb,V,,,,puˈɾa.mɪɾ,,,,
fukya,clothing,N,,,,ˈfu.kʲa,"From Classical Nenta fôkəya ""cloth, fabric"". Classical Nenta fokiyanaka was originally ""clothing""; this word may have developed to resemble that one.",,,
tújan,cloud,N,,KC,,ˈtu:.d͡ʒan,,,,
aho,clover,N,,TS,,ˈa.o,,,,
peko,coconut,N,,,,ˈpe.ko,"From Classical Nenta petao ""palm tree"".",,,
firos,coin,N,firoþ,,,ˈfi.ɾɔθ,"From Old Rokadong firothə ""silver"".","Especially when made of silver or nickel.",,
káyang,coin,N,,TM,,ˈka:.jaŋ,,,,
iriku,cold,ADJ,,,,iˈɾi.ku,,,,
taiyuma,cold,N,,,,taiˈʝu.ma,"Compound of tayu ""wind"" + yuma ""illness"".",,,
maho,colour,N,,KC,,ˈma.o,,,,
ratir,come,V,,,,ˈɾa.tɪɾ,,,,
puramir,come,V,,,,puˈɾa.mɪɾ,,,,
dana,command,N,,,,ˈda.nə,,,,
tényekó,commander,N,,RZ,,te:ˈɲe.ko:,,,,
ácenar,connect,V,,,,'a:.t͡ʃe.naɾ,,,,
votácen,connection,V,,,,voˈta:.t͡ʃɛn,,,,
hikas,container,N,hikaþ,,,ˈhi.kaθ,,,,
nyahar,continue,V,,,,ˈɲa.haɾ,,,,
gyuar,cook,V,gyuqr,,,ˈgʲu.aɾ,,,,
kyado,copper,N,,,,ˈkʲa.do,,,,
ishika,correct,ADJ,,,,iˈʃi.kə,,,,
senanar,correct,V,,,,ˈse.na.naɾ,,,,
akidir,count,V,,,,aˈki.dɪɾ,"From Proto-Nenta ""kidira"" (count), Proto-Nensane ""ngkaidi"" (count).",,,
sénir,cover,V,þénir,,,ˈse:.nɪɾ,,,,
sunca,craft,N,,KC,,ˈsʊɲt͡ɕ.ə,,,,
kawah,crater,N,,KC,,ˈka.waʔ,,,,
kasú,crease,N,,TL,,ˈka.su:,,,,
lerabar,cry,V,,,,leˈɾa.baɾ,,,,
tanma,crystal,N,,,,ˈtam.ma,"From Classical Nenta tenmá ""salt"".",,,
ruhung,cup,N,,TH,,ˈɾu.hʊŋ,,,,
hamar,cut,V,,,,ˈha.maɾ,,,,
korong,cyan,ADJ,,,,ˈko.ɾɔŋ,,"Also describes teal. See Colors article for details.",,
jeng,dad,N,,,,ˈd͡ʒɛŋ,,"More casual form of ''jekra''.",,
joi,daddy,N,,,,ˈd͡ʒoi,,,,
sakya,dagger,N,,NMW,,ˈsa.kʲə,,,,
shuar,dance,V,,,,ˈʃu.aɾ,,,,
lúta,dark,ADJ,,,,ˈlu:.tə,,,,
rumvira,darkness,N,,,,ɾʊmˈvi.ɾa,"Portmanteau of ""ruvi nila"" (inky water, literally dark blue).",,,
políta,darkness,N,,,,poˈli:.ta,,"Portmanteau of pola lítari ""city night"". Slang made shortly after the streetlight, which became popular in Pahang Rokadong. Does not refer to dark magic.",,
rufyan,darkness,N,,,,ˈɾu.fʲan,,"Refers to an unlighted place that cannot see the sky, or to dark magic.",,
laki,"dative marker",PTC,,,,ˈla.ki,,,,
naimu,daughter,N,,,,ˈnai.mu,,"See also ""naiji"".",,Matelian
laza-raza,day,N,,KG,,ˌla.zəˈɾa.zə,"Reduplication of ""raza"" (sun).",,,
laza-raza,day,N,,KG,,ˌla.zəˈɾa.zə,"Reduplication of ""raza"" (sun).",,,
razári,day,N,,KG,,ɾaˈza:.ɾi,,,,
detalrai,death,N,ðetalrai,,,deˈta.rai,,,,
roken,death,N,,DH,,ˈɾo.kɛn,,,,
mimi,death,N,,,,ˈmi.mi,,,,
taitoika,death,N,,DH,,taiˈtoi.ka,,"Misspelled / mispronounced partial reduplication of toika (which normally would be totoika). A minced oath of roken.",,
danggazeta,debate,N,,,,ˌdaŋ.gəˈze.ta,,,,
danggazetar,debate,V,,,,ˌdaŋ.gəˈze.taɾ,,,,
micel,deception,N,,,,ˈmi.t͡ʃɛl,,,,
kécishár,decide,V,,,,ke:ˈt͡ʃi.ʃa:ɾ,,,,
nila,"deep water",N,,KC,,ˈni.lə,,,,
yúkata,deity,N,,SL,,ju:ˈka.tə,,,,
rumvira,depths,N,,,,ɾʊmˈvi.ɾa,"Portmanteau of ""ruvi nila"" (inky water, literally dark blue).",,,
kutár,desire,V,,,,ˈku.ta:ɾ,,,,
kutá,desire,N,,KC,,ˈku.ta:,,,,
cuwar,determine,V,cuqr,,,ˈt͡ʃu.waɾ,,,,
astelis,diamond,N,asteliþ,,,asˈte.lɪθ,"From Matelian asateli ""diamond"", ultimately from Sãdenyán hashrĩl ""diamond, gemstone, wealth"".",,,Matelian
mimir,die,V,,,,ˈmi.mɪɾ,,,,
liasan,difficult,ADJ,,,,liˈa.san,,,,
liasan,difficulty,N,,,,liˈa.san,,,,
tarekar,dig,V,,,,taˈɾe.kaɾ,,,,
kogufukar,digest,V,,,,ˌɾu.vaˈfu.kaɾ,,,,
~fa,"diminutive affix",AFF,,,,ˈfa,,,,
sudíng,direct,ADJ,,,,ˈsu.di:ŋ,,"Also used to refer to a direction, e.g. ""straight ahead"" (see also ""direct"").",,
reka,dirt,N,,KC,,ˈɾe.kə,,,,
sefad,discussion,N,,,,ˈse.fad,"From Kairitelan sefã ""to discuss"", from Old Linnerian seven ""discourse, politics.""",,,Kairitelan
bakar,disguise,V,,,,ˈba.kaɾ,,,,
burselir,disgust,V,,,,bʊɾˈse.lɪɾ,,,,
amburseli,disgusted,ADJ,,,,ˌam.bʊɾˈse.li,,"From anburselir ""to be disgusted"".",,
tenaburseli,disgusting,ADJ,,,,teˌna.bʊɾˈse.li,,"From tenaburselir ""to cause disgust"".",,
selafukar,dishearten,V,,,,ˌse.laˈfu.kaɾ,,"Figuratively, this word can also refer to killing something.",,
meneir,divide,V,,,,meˈne.iɾ,,,,
kon,do,V,,,,ˈkɔn,,,,
kihing,"do not",PTC,,,,ˈki.hɪŋ,,"Used to negate imperative verbs, like English ""do not"" / ""don't"" in ""Please do not (touch) the cat.""",,
tásika,dog,N,,KR,,ta:ˈʃi.kə,,,,
vayú,door,N,vaiqú,,,ˈva.ju:,,,,
súraura,"double star",N,,,,su:ˈɾau.ɾa,"From Debazi sung (prefixually sū) + rȝura.",,,
vana,down,N,,KC,,ˈva.nə,,,,
kyurin,dragon,N,,KR,,ˈkʲu.ɾɪn,,,,
anar,draw,V,,,,ˈa.naɾ,,,,
anaka,drawing,N,,,,aˈna.kə,,,,
rému,dream,N,,SL,,ˈɾe:.mu,,,,
ráfir,dress,V,,,,ˈɾa:.fɪɾ,,,,
ráfirká,dress,V,,,,"ɾa:ˈfɪɾ .ka:",,,,
pangkir,drink,V,,,,ˈpaŋ.kɪɾ,,,,
tentoikar,drop,V,,,,tɛnˈtoi.kaɾ,,"Alternate causative form of ""toikar"". Also used to mean ""to push over"" or similar.",,
kayudr,dry,V,,,,ˈka.jʊdɾ,,,,
kayuda,dry,ADJ,,,,kaˈju.də,,,,
kir,dubitative,PTC,,,,cʢ̠,,"Used to express doubt or a lack of confidence in the preceding statement. Phonemically /kiɾ/.",,
tashuk,dull,ADJ,,,,ˈta.ʃʊk,,,,
kyaha,dust,N,,KC,,ˈkʲa.ə,,,,
aram,ear,N,,KR,,ˈa.ɾam,,,,
reka,earth,N,,KC,,ˈɾe.kə,,,,
rekasamas,earthquake,N,rekasamaþ,,,ˌɾe.kəˈsa.maθ,,,,
tisha,east,N,,KC,,ˈti.ʃə,,,,
tisha,east,ADJ,,KC,,ˈti.ʃə,,,,
dah~on,easy,AFF,,,,"ˈdaʔ .on",,,,
kogur,eat,V,,,,ˈko.gʊɾ,,,,
hiya,egg,N,hiq,TH,,ˈhiʝ.ə,,,,
hari,eight,NUM,,,,ˈha.ɾi,,,,
bari,eight,NUM,,,,ˈba.ɾi,,,,
harigung,"eight hundred",NUM,,,,haˈɾi.gʊŋ,,,,
akihari,eighteen,NUM,,,,ˌa.ki.ˈa.ɾi,,,,
mabari,eighteenth,ADJ,,,,maˈba.ɾi,,,,
bari,eighth,ADJ,,,,ˈba.ɾi,,,,
harikani,eighty,NUM,,,,ˌha.ɾiˈka.ni,,,,
kero,eleven,NUM,,,,ˈke.ɾo,"Corruption of Early Rokadong ker (12).",,,
tana,eleventh,ADJ,,,,ˈta.nə,,,,
re,"emphasis and question particle",PTC,,,,ˈɾe:,,"Used to show or ask for agreement or reflection. May also be an informal attention-grabbing interjection. While technically this particle is /ɾe/, it's often pronounced identically to ""ré"" hence the pronunciation guide above.",,
ré,"emphasis and question particle",PTC,,,,ˈɾe:,,"Used to ask for agreement or reflection. May also be a sarcastic interjection.",,
au,"emphasis particle",PTC,,,,ˈau,,"Expresses excitement or emphasis.",,
kah,end,N,,KC,,ˈkaʔ,,"As in the end of a road, or one end of an object. See ""yuya"" for the end of an event.",,
yuya,end,N,,KC,,ˈju.jə,,,,
yuyar,end,V,,,,ˈju.jaɾ,,,,
súnzatenasióng,enshittification,N,súmzatenacióng,,,ˌsu:n.zaˌte.naˈʃi.o:ŋ,"Calqued from English ""enshittification"".",,,
duvar,enter,V,,,,ˈdu.vaɾ,,,,
mópyar,equal,V,,,,ˈmo:.pʲaɾ,,,,
mópyak,equal,ADJ,,,,ˈmo:.pʲak,,,,
sai,era,N,,KG,,ˈsai,,"Used after dynasty names to refer to their ruling period and the years within, e.g. 100 Kanatasai.",,
ká,"ergative particle",PTC,,,,ˈpa:,,,,
nayakr,escape,V,,,,ˈna.jakʀ,,,,
melráza,evening,N,,KG,,meˈra:.zə,,,,
tékason,everyone,N,,,,te:ˈka.sɔn,,,,
arban,evil,ADJ,,,,ˈaɾ.ban,,,,
jarban,evil,N,,,,ˈd͡ʒaɾ.ban,,"As expected from the derivation, originally meant ""villain""; was expanded through semantic drift.",,
hairyukari,excess,N,,SL,,ˌhai.ɾʲuˈka.ɾi,,,,
bar,exist,V,,,,ˈbaɾ,,,,
balan,existence,N,,SL,,ˈba.lan,,,,
nemitolr,explode,V,,,,neˈmi.tɔr,"Backformation from ""nemitos"" (explode).",,,
nemitos,explosion,N,,,,neˈmi.tɔθ,"Literally ""out-piece"".",,,
afukar,extinguish,V,,,,aˈfu.kaɾ,,"Also refers to erasing something.",,
vibri,eye,N,,KR,,ˈvɪb.ɾi,,,,
vaifa,fairy,N,,SL,,ˈvai.fa,,,,
karélú,falcon,N,,KR,,kaˈɾe:.lu:,,,,
fayárká,fall,V,,,,faˈja:ɾ.ka:,,,,
toikar,fall,V,,,,ˈtoi.kaɾ,,"Unlike fayarká, which has connotations of tripping, toikar has connotations of being pushed or dropped. However, it is used in the general case as well.",,
bélcikakoshah,family,N,,RZ,,be:lˌt͡ʃi.kaˈko.ʃaʔ,,"Compound word of ""bélcikar"" (to be found) and ""koshah"" (family). Formal; in casual conversation ""zahalshah"" is preferred.",,
zahalshah,family,N,,RZ,,zaˈhal.ʃaʔ,,"A portmanteau of ""zahal"" (friend) and ""koshah"" (family). Colloquial; in formal writing contexts ""bélcikakoshah"" is preferred.",,
koshah,family,N,,RZ,,ˈko.ʃaʔ,,,,
rému,fantasy,N,,SL,,ˈɾe:.mu,,,,
ilat,far,ADJ,,,,ˈi.lat,,,,
poiku,farm,N,,TM,,ˈpoi.ku,,,,
harónya,fast,ADJ,,,,,,,,
kaulu,fat,N,,KR,,ˈkau.lu,,,,
jekra,father,N,,,,ˈd͡ʒɛk.ʀə,,,,
dakaren,favourite,N,,KC,,daˈka.ɾɛn,,,,
dakaren,favourite,ADJ,,,,daˈka.ɾɛn,,,,
génda,favourite,N,,,,ˈge:n.da,,,,
génda,favourite,ADJ,,,,ˈge:n.da,,,,
fitá,feather,N,,FR,,ˈfi.ta:,,,,
minar,feel,V,,,,ˈmi.naɾ,,,,
taskar,feel,V,,,,ˈtas.kaɾ,,,,
toyu,female,ADJ,,,,ˈto.ju,,"Only applies to animals.",,
nazren,female,ADJ,,,,ˈnað.ɾɛn,,"Only applies to people.",,
mina,few,NUM,,,,ˈmi.nə,"From Old Rokadong *mina (five, handful).",,,
kún,field,N,,KC,,ˈku:n,,,,
akiming,fifteen,NUM,,,,aˈki.mɪŋ,,,,
maminá,fifteenth,ADJ,,,,maˈmi.na:,,,,
miná,fifth,ADJ,,,,ˈmi.na:,,,,
mingkani,fifty,NUM,,,,mɪŋˈka.ni,,,,
zetar,fight,V,,,,ˈze.taɾ,,,,
yadazetar,fight,V,,,,ˌja.dəˈze.taɾ,,,,
lekar,fill,V,,,,ˈle.kaɾ,,,,
tuyar,find,V,,,,ˈtu.jaɾ,,,,
kasir,finish,V,,,,ˈka.θɪɾ,,,,
ramari,fire,N,,SL,,ɾaˈma.ɾi,,"Also refers to the red fur of kanvas that have it. ",,
ari,fire,N,,KC,,ˈa.ɾi,,,,
akan,first,ADJ,,,,ˈa.kan,,,,
akancatamis,"first floor",N,,NMW,,aˌkaɲt͡ɕ.aˈta.mɪθ,,,,
décan,fish,N,décany,KR,,ˈde:.t͡ʃan,,,,
rekamitos,fissure,N,,,,ˌɾe.kəˈmi.tɔθ,,,,
ming,five,NUM,,,,ˈmɪŋ,,,,
minggung,"five hundred",NUM,,,,ˈmɪŋ.gʊŋ,,,,
mingrong,"five thousand",NUM,,,,ˈmɪŋ.ɾɔŋ,,,,
tirak,flavour,N,,KC,,ˈti.ɾak,"Backformation from Sainen ""tirákaz"" (to taste).",,,
tenfíl,flea,N,,KR,,ˈtɛn.fi:l,,,,
yatayur,float,V,,,,jaˈta.jʊɾ,,,,
délar,flow,V,,,,ˈde:.laɾ,,,,
tasha,flower,N,,NMW,,ˈta.ʃə,,,,
yahitr,fly,V,,,,ˈja.itɾ,,,,
jihká,fog,N,,KC,,ˈd͡ʒɪʔ.ka:,,,,
kasur,fold,V,,,,ˈka.sʊɾ,,,,
pugítr,follow,V,,,,,,,,
pugaitir,"follow orders",V,,,,puˈgai.tɪɾ,,,,
kogunaka,food,N,,NMW,,ˌko.guˈna.kə,,"As it ends in ""naka"" (a measure word meaning ""thing""), it is its own measure word.",,
vale,foot,N,,KR,,ˈva.le,,,,
tah,for,ADP,,,,ˈtaʔ,"Contraction of ""pá to"", a previous form of the dative particle ""gun"".","Use is verb-dependent. ""tah"" is similar to the dative particle ""gun"", in that both are translated as ""to"" or ""for"", but the noun ""tah"" applies to is considered the direct object rather than the indirect object. Due to its etymology, ""tah"" is also considered the ergative particle.",,
yatár,forage,V,,,,ˈja.ta:ɾ,,,,
shirih,forest,N,,KC,,ˈʃi.ɾɪʔ,,,,
cákra,fortune,N,,,,ˈt͡ʃa:k.ʀa,"From Proto-Nenta teaguxa ""wealth"", through Old Nenevesian tiakara ""wealth, riches"" (modern cátra). Doublet of téguha.

In Nenevesian, cátra also came to mean ""fortune, luck"" as a result of its use in several phrases and sayings, such as in the phrase cátra lát ""lucky hand."" Both the canonical and idiomatic definitions were loaned into Rokadong.",,,Nenevesian
cákra,"fortune, luck",N,,,,ˈt͡ʃa:k.ʀa,"From Proto-Nenta teaguxa ""wealth"", through Old Nenevesian tiakara ""wealth, riches"" (modern cátra). Doublet of téguha.

In Nenevesian, cátra also came to mean ""fortune, luck"" as a result of its use in several phrases and sayings, such as in the phrase cátra lát ""lucky hand."" Both the canonical and idiomatic definitions were loaned into Rokadong.",,,Nenevesian
kokani,forty,NUM,,,,koˈka.ni,,,,
peka,forward,ADJ,,KC,,ˈpe.kə,,,,
peka,forward,ADV,,KC,,ˈpe.kə,,,,
peka,forward,N,,KC,,ˈpe.kə,,,,
ko,four,NUM,,,,ˈko,,,,
kogung,"four hundred",NUM,,,,ˈko.gʊŋ,,,,
akiko,fourteen,NUM,,,,aˈki.ko,,,,
makenen,fourteenth,ADJ,,,,maˈke.nɛn,,,,
kenen,fourth,ADJ,,,,ˈke.nɛn,,,,
yangkel,fox,N,,KR,,ˈjaŋ.kɛl,,,,
dakarang,fragile,ADJ,,,,daˈka.ɾaŋ,"Irregular application of ""dah- -on"" circumfix to ""karak"" (stem for ""karakr"").",,,
nanúka,fragment,N,,,,nəˈnu:.ka,"From Old Rokadong nunúka ""piece of glass, glassware.""",,,
imerik,free,ADJ,,,,iˈme.ɾɪk,,,,
merik,freedom,N,,KC,,ˈme.ɾɪk,,"Would probably be a ""sela"" noun rather than a ""kaca"" noun in Mangellian Rokadong.",,
rikur,freeze,V,,,,ˈɾi.kʊɾ,,,,
sómna,fresh,ADJ,,,,ˈso:n.na,,,,
samit,frog,N,,KR,,ˈsa.mɪt,,,,
hai,from,ADP,,,,ˈhai,,,,
perkan,front,N,,KR,,ˈpɛɾ.kan,,,,
cadán,fruit,N,cadány,,,ˈt͡ʃa.da:n,,"Term for fleshy sweet food. See also ""kúzi"".",,
kúzi,fruit,N,,,,ˈku:.ʒi,,"Refers to the edible part of trees specifically; see ""cadán"" for ""fruit"" as in ""sweet fleshy food"", ""cadán angga"" for ""berry"",
and ""veshan"" for ""nut"" (the name some tree fruits get given).",,
fáwor,fuck,V,,,,ˈfa:.wɔɾ,"From Sadenyan fâwø ""to have sex"", ultimately from Proto-Nencali pheiva ""penis.""","Vulgar, hence translation as ""to fuck"" instead of ""to have sex."" However, is not used as an amplifier, unlike English ""to fuck.""",,
kafakil,functional,ADJ,,,,kaˈfa.kɪl,,,,
fíra,fur,N,,NMW,,ˈfi:.ɾə,,,,
zanma,future,N,žnma,SL,,ˈza.mə,,,,
selshan,galaxy,N,,,,ˈsɛl.ʃan,,,,
yúria,gate,N,,KC,,ju:ˈɾi.ə,,,,
vayú,gate,N,vaiqú,,,ˈva.ju:,,,,
fanda,gender,N,,,,ˈfan.da,"From Imperial Karanesa ""fanna"" (type, gender); compare High Karanesa ""fand"". Doublet of ""van"".",,,"New Karanesa"
to,"genitive particle",PTC,,,,ˈto,,,,
nyuhar,get,V,,,,ˈɲu.aɾ,,,,
yuí,ghost,N,,,,ˈju.i:,,,,
nakagara,gibberish,N,,MY,,ˌna.kəˈga.ɾə,,,,
shonzá,ginger,N,žonzá,,,ˈʃɔn.za:,,,,
nyukr,give,V,,,,ˈɲʊkʀ,,,,
anrikas,glacier,N,,KC,,anˈɾi.kaθ,,,,
núka,glass,N,,KC,,ˈnu:.kə,,,,
ambar,glow,V,,,,ˈam.baɾ,,,,
zaya,go,V,,,,ˈza.jə,,,,
yuya,goal,N,,KC,,ˈju.jə,,,,
kaná,gold,N,,KC,,ˈka.nə,,,,
jaren,good,ADJ,,,,ˈd͡ʒa.ɾɛn,,,,
lezeshan,goodbye,I,,,,leˈze.ʃan,"Clipping of Old Rokadong ""leþela tenashanrə sayə"", a formal farewell literally translating as ""May the stars guide you well"".","This farewell is considered slightly informal, in that while you can use it in formal settings, there are more formal ways of saying the same. ""Lezeshan"" is also less common in continental Rokadong in general.",,
céla-céla,grain,N,,KC,,ˌt͡ʃe:.ləˈt͡ʃe:.la,"Refers to the food group, including products made with wheat or other grains.",,,
pekla,grass,N,,TS,,ˈpɛk.lə,,,,
tén,great,ADJ,tény,,,ˈte:n,,,,
aho,green,ADJ,,,,ˈa.o,,,,
zányakir,greet,V,,,,za:ˈɲa.kɪɾ,,,,
agryua,grill,N,agryuq,,,agˈʀʲu.a,"Metathesis of ari gyuqa ""fire-cooking"".",,,
haya,ground,N,,KC,,ˈha.jə,"From Sanényan haya (ground).",,,
reka,ground,N,,,,ˈɾe.kə,,,,
laurada,gull,N,,KR,,lauˈɾa.da,,,,
raisen,gun,N,,SK,,ˈɾai.sɛn,,,"""Raisen tak bélnaníkadar gun ila favelo.""
Guns are not allowed in this area.",
raisenrahan,gunpowder,N,,LK,,ˌɾai.sɛnˈɾa.han,,,,
hibad,guts,N,,KR,,ˈhi.bad,,,,
fíra,hair,N,,NMW,,ˈfi:.ɾə,,,,
laté,hand,N,,KR,,ˈla.te:,,,,
kugyar,happen,V,,,,ˈku.gʲaɾ,,,,
nyuwanya,happiness,N,,,,ɲuˈwa.ɲa,,,,
anhanya,happy,ADJ,,,,anˈa.ɲə,,,,
kerés,harbour,N,keréþ,,,mu:sˈpo.la,"Often translated as ""port"", but not to be confused with múspola, which refers to the city a harbor finds itself in.",,,
myuzu,harvest,V,myuður,,,ˈmʲu.zu,,,,
myuzur,harvest,V,myuður,,,ˈmʲu.zʊɾ,,,,
sísar,hate,V,síþr,,,ˈʃi:.saɾ,,,,
icísa,hatred,N,icíþ,,,iˈt͡ʃi:.sa,,,,
ban,have,V,,,,ˈban,,,,
nyuwa,have,AUX,,,,ˈɲu.wa,"From nyuharapan ""got""; originally used for entering a state.","Used before stative verbs (e.g. hanyar) to indicate that one has entered the state, and before any other verbs to make it perfect (""have <verb>ed"" in English).",,
lan,he/she/it/etc,P,,*sg,,ˈlan,,"Originally used as 3uvn, much as singular ""they"" in English may be used. Considered ungrammatical, as 3s.NB or 4 is preferred, especially in formal environments.",,
lanaz,he/she/it/etc,P,,3sg,,ˈla.nað,,"Feminine 3rd person singular pronoun.",,
an,he/she/it/etc,P,,3sg,,ˈan,,"Inanimate and agender 3rd person singular pronoun.",,
landa,he/she/it/etc,P,,3sg,,ˈlan.də,,"Masculine 3rd person singular pronoun.",,
lanil,he/she/it/etc,P,,3sg,,ˈla.nɪl,,"Nonbinary 3rd person singular pronoun.",,
gato,head,N,,KR,,ˈga.to,,,,
nauhar,heal,V,,,,ˈnau.aɾ,,,,
naukár,heal,V,,,,na͡ˈu.ka:ɾ,,,,
telar,hear,V,,,,ˈte.laɾ,,,,
lum,heart,N,,KR,,ˈlʊm,,,,
rémuan,heaven,N,,SL,,ɾe:ˈmu.an,,"Implies divinity specifically; the ""safe place"" definition of heaven is under ""haven"".",,
attang,heavy,ADJ,,,,ˈaʔ.taŋ,,,,
yumilan,hell,N,,SL,,juˈmi.lan,,,,
sarash,hello,I,saraž,,,ˈsa.ɾaʃ,"From Kairitelan ""sãrazhu"" (""good day""). ",,,Kairitelan
nyau,hello,I,,,,ˈɲau,,,,
ilasa,here,ADV,,,,iˈla.sə,,,,
saiga,hetero-,AFF,,,,ˈsai.ga,,"From Debazi ""sayga"".",,Debazi
sénir,hide,V,þénir,,,ˈse:.nɪɾ,,,,
sénirká,hide,V,þénirká,,,"ˈse:.nɪɾ ˈka:",,"Literally ""to hide/cover oneself"".",,
puram,high,ADJ,,,,ˈpu.ɾam,,,,
ralia,hill,N,,,,ɾəˈli.a,,,,"Imperial Karanesa"
vibir,hit,V,,,,ˈvi.bɪɾ,,,,
asur,hold,V,,,,ˈa.sʊɾ,,,,
kanaz,hole,N,,KC,,ˈka.nað,,,,
dasu,hometown,N,,KC,,ˈda.su,,,,
haila,homo-,AFF,,,,ˈhai.la,,"From Debazi ""hailan"".",,
lulu,honeydew,N,,,,ˈlu.lu,,,,"Classical Nenta"
sógya,hope,N,,,,,,,,
sógyar,hope,N,,,,ˈso:.gʲaɾ,,,,
toro,horn,N,,KR,,ˈto.ɾo,,,,
mungka,horse,N,mungq,,,ˈmʊŋ.kə,,,,
aron,hot,ADJ,,,,ˈa.ɾɔn,,,,
sáta,hour,N,,KG,,ˈsa:.tə,,"Note that this word is used both for the time on a clock and the duration of time; the word ""sátago"" is used to explicitly refer to the duration of time.",,
sátago,hour,N,,KG,,sa:ˈta.go,,"Refers exclusively to the period of time. For example, the question ""What time is it?"" would not use sátago, because the question is asking for a point in time, not an interval of time.",,
nika,house,N,,,,ˈni.ka,,,,"Imperial Karanesa"
dakke,how,PTC,dahke,,,ˈdak.ke,,,,
fudas,human,N,,RZ,,ˈfu.daθ,,"Name of the species known in English as figures. Figures are the most similar to real-world humans, so this word would be used for them.",,
gung,hundred,NUM,,,,ˈgʊŋ,,,,
lán,"hundred million",NUM,,,,ˈla:n,,,,
gíta,"hundred quintillion",NUM,,,,ˈgi:.tə,,,,
gung,hundredth,ADJ,,,,ˈgʊŋ,,,,
jonyar,hunt,V,,,,ˈd͡ʒo.ɲaɾ,,,,
bokah,i,P,,1sg,,ˈbo.kaʔ,,"Imposes respect. Effectively the royal ""we."" It looks entitled for someone not of high status and in a high-formality environment to use, effectively making this the ""Karenish I"", in terms of 2020s English slang.",,
piyoka,i,P,,1sg,,piʝˈo.kə,,"Literally ""servant"". A polite and deferential pronoun. Often used by salespersons.",,
cán,i,P,,1sg,PRM,ˈt͡ʃa:n,"From Sanényan chán /t͡ʃa˩˥n/.","Chán is a very informal form of ""I"" seen primarily in Puram Rokadong, though Pahang Rokadong also has it. It inflects in the same ways as aya, including the -nya clitic.",,
zahal,i,P,,1sg,,ˈza.hal,,"Literally ""friend."" Considered a variant of ""aya"".",,
aya,i,P,,1sg,,ˈa.jə,,"Aya is the informal first person singular pronoun, compared to nata. When possessing a noun, it may become a clitic on the noun, of the form -nya.",,
nata,i,P,,1sg,,ˈna.tə,,"Nata is the standard first person singular pronoun, more formal than aya. It inflects completely regularly sans the cliticization of the case particles common to all pronouns.",,
nyu,i,P,,1sg,KTT,ˈɲu,,"Nyu is only used for intimate partners.",,
pacun,i,P,,1sg,,ˈpa.t͡ʃʊn,,"Used when addressing noblepersons.",,
nahata,i,P,,1sg,,naˈha.tə,,"Most formal 1s pronoun.",,
akuyala,ice,N,,SL,,ˌa.kuˈjə.la,,"Also refers to the cyan fur of kanvas that have it.",,
riku,ice,N,,KC,,ˈɾi.ku,,,,
magatasona,idiot,N,,,,maˌga.təˈso.nə,,"Since the removed q from ""magata"" is irregular, in some dialects, it is still pronounced with a geminated t, [məˈgatːəˌsonə].",,
yuma,illness,N,,,,ˈju.ma,,,,
denzí,imagination,N,,NMW,,ˈdɛn.ʒi:,,,,
temitos,implosion,N,,,,teˈmi.tɔθ,"Literally ""in-piece"".",,,
saitenar,improve,V,,,,saiˈte.naɾ,,,,
te,in,ADP,,,,ˈte,,,,
dah~on,incidental,AFF,,,,"ˈdaʔ .on",,,,
remilagar,indulge,V,,,,ˌɾe.miˈla.gaɾ,"From the Classical Nenta name ""Remuilaga"", given to a character who survives in Yukacan mythology as ""Remula"".",,,
neshah,information,N,nežh,,,ˈne.ʃaʔ,"From Classical Nenta nedsaka~nejaka ""direction"", through Imperial Karanesa nezhak ""answer"". See also High Karanesa nezik. Doublet of neja.","Also written with the historic initial glottal stop letter.",,"Imperial Karanesa"
kírísiyar,inherit,V,,,,ˌki:.ɾi:ˈʃi.ʝaɾ,,,,"Imperial Karanesa"
ruvi,ink,N,,KC,,ˈɾu.vi,,,,
gun,"instrumental marker",PTC,,,,ˈgʊn,,,,
kel,"interrogative particle",PTC,,,,ˈkɛl,,"Used sentence-finally to turn the preceding sentence into a polar question.",,
go,interval,N,,KC,,ˈgo,,,,
balyun,intestines,N,,KR,,ˈba.lʲʊn,,,,
zazányar,introduce,V,,,,zəˈza:.ɲaɾ,,,"Níkadaten bauha nata zazányar ká.
allow.IMP CNJ[that] 1sg.NTL introduce REFL
Allow me to introduce myself.",
serak,iron,N,,TM,,ˈse.ɾak,,"While iron can technically be any shape, the common shapes that people would use it in prior to the industrial age (plates and chains) would either be tamis nouns or be prominently used for tamis nouns (armor, shields, fences), hence iron itself being a tamis noun.",,
teláh,island,N,,KC,,ˈte.la:ʔ,,,,
rulá,job,N,,KC,,ˈɾu.la:,,,,
sihin,joke,N,,MY,,ˈʃi.hɪn,,,,
angkar,jump,V,,,,ˈaŋ.kaɾ,,,,
atashing,jungle,N,,KC,,aˈta.ʃɪŋ,,,,
karélú,kestrel,N,,KR,,kaˈɾe:.lu:,,,,
jongkar,kill,V,,,,ˈd͡ʒɔŋ.kaɾ,,,,
rúcanir,kill,V,,,,ɾu:ˈt͡ʃa.nɪɾ,,,,
nefi,kindness,N,,SL,,ˈne.fi,,,,
sinyas,king,N,,RZ,,ˈʃi.ɲaθ,,"While it would be technically correct to use ""sinyas"" as a prenominal affix for kings, in Quill Kingdom culture, it is common to use a different word, the ""dynasty word,"" in addition to ""sinyas."" For example, King Remy III's native name is ""Kanatasinyas Remi Reneska"" (""kanata"", meaning beauty, being the dynasty word for Kings Calem II, Remy III, and Iris I).",,
fensinyas,kingdom,N,,KC,,fɛnˈʃi.ɲaθ,,,,
suka,knee,N,,KR,,ˈsu.kə,,,,
bakal,knife,N,,SK,,ˈba.kal,,,,
koh,"knock knock",I,,,,ˈkɔʔ,"Onomatopoeic from Old Rokadong kókó.","Frequently repeated multiple times.",,
tepúr,know,V,,,,ˈte.pu:ɾ,,,,
tepú,knowledge,N,,KC,,ˈte.pu:,,,,
itepú,known,ADJ,,,,iˈte.pu:,,,,
magi,lake,N,,KC,,ˈma.gi,,,,
tanah,land,N,,TM,,ˈta.naʔ,,,,
dong,language,N,,,,ˈdɔŋ,,,,
ilka,large,ADJ,,,,ˈil.kə,,,,
nyahai,last,ADJ,,,,ˈɲa.hai,,"Idiomatically, may also be used where in English one might use ""worst.""",,
sihir,laugh,V,,,,ˈʃi.hɪɾ,,,,
yukanmya,law,N,,,KTT,juˈka.mʲa,"Irregular compound of ""yukata"" (god) and ""maya"" (word).",,,
ashogá,law,N,,,,aˈʃo.ga:,"Loaned from Liðakuin asjogr ""order, command, rule"".",,,
tera,leaf,N,,FR,,ˈte.ɾə,,,,
kayúr,learn,V,,,,ˈka.ju:ɾ,,,,
yami,left,ADV,,KC,,ˈja.mi,,,,
yami,left,N,,KC,,ˈja.mi,,,,
yami,left,ADJ,,KC,,ˈja.mi,,,,
yami,left,N,,KC,,ˈja.mi,,,,
kera,leg,N,,KR,,ˈke.ɾə,,,,
sútan,lemon,N,,TH,,ˈsu:.tan,,,,
jang,letter,N,,NMW,,ˈd͡ʒaŋ,,,,
micelsona,liar,N,,,,ˌmi.t͡ʃɛlˈʃo.na,,"Dissimilation occurs in this word, to prevent illegal /ls/.",,
shabar,lie,V,,,,ˈʃa.baɾ,,,,
rani,life,N,,,,ˈɾa.ni,,"""rai"" means ""life, in general"", while this means ""one's life.""",,
rai,life,N,,KC,,ˈɾai,,,,
aras,light,N,araþ,,,ˈa.ɾaθ,,,,
ráze,light,ADJ,,,,ˈɾa:.ze,,,,
rauli,lightning,N,,KC,,ˈɾau.li,,,,
jo,like,ADP,,,,ˈd͡ʒo,,"Most directly means ""similar to,"" but also is used in simile where ""as (in)"" or ""as ___ as"" may be used. ",,
karenar,like,V,,,,kaˈɾe.naɾ,,,,
ryukari,limit,N,,SL,,ɾʲuˈka.ɾi,,"From Sainen ""riyu"" (boundary) + ""kari"" (wall).",,
anza,line,N,,KC,,ˈan.zə,,,,
tengkur,live,V,,,,ˈtɛŋ.kʊɾ,,,,
elmat,liver,N,,KR,,ˈel.mat,,,,
nyecu,lizard,N,,KR,,ˈɲe.t͡ʃu,,,,
gun,"locative particle",PTC,,,,ˈgʊn,,,,
dangga,logic,N,,,,ˈdaŋ.ga,,,,Sádenyàn
ganta,long,ADJ,,,,ˈgan.tə,,,,
"nyaratangka keraz","long ago",ADV,,,,"ˌɲa.ɾaˌtaŋ.kə ˈke.ɾað",,"Indicates that the verb should be REMPST.",,
kantun,lord,N,kantuny,,,ˈkan.tʊn,"From Classical Nenta ""kannunyə"".",,,
henzar,lose,V,,,,ˈhɛn.zaɾ,,,,
tenfíl,louse,N,,KR,,ˈtɛn.fi:l,,,,
nyako,love,N,,KC,,ˈɲa.ko,,,,
nyakur,love,V,,,,ˈɲa.kʊɾ,,,,
pahang,low,ADJ,,,,ˈpa.haŋ,,,,
veria,luck,N,,,,veˈɾi.a,,,,
kalana,machine,N,,,,kaˈla.nə,"From Old Rokadong ""kəlaná"" (machine, device, engine).","Also used sometimes for ""strategy, trick"".",,
haku,magic,N,,SL,,ˈha.ku,,,,
tenar,make,V,,,,ˈte.naɾ,,,,
volar,make,V,,,,ˈvo.laɾ,,,,
kyanyar,"make dirty",V,,,,ˈkʲa.ɲaɾ,,,,
hanyar,"make happy",V,,,,ˈha.ɲaɾ,,,,
daren,male,ADJ,,,,ˈda.ɾɛn,,"For people; if it uses razil it'll use daren.",,
baya,male,ADJ,,,,ˈba.jə,,"For animals; if it uses koro it'll use baya.",,
dera,man,N,,RZ,,ˈde.ɾə,,"Dera may be used for any noun whose measure word would be razil (is in the RZ class).",,
unya,many,ADJ,,,,ˈu.ɲə,,"As all nouns are grammatically mass nouns, unya is used regardless. ",,
unya,many,ADJ,,,,ˈu.ɲə,,"As all nouns are grammatically mass nouns, unya is used regardless. ",,
kaca,"measure word",ADP,,KC,,ˈka.t͡ʃə,,"A catch-all measure word used for large things, landforms, abstract nouns, thoughts, vehicles, houses, and so on.",,
razil,"measure word",ADP,,RZ,,ˈɾa.ʒɪl,,"Used for kanvas, spirits, and anything else that could be considered people. If the noun ""razil"" applies to the object, its measure word is ""razil.""",,
koro,"measure word",ADP,,KR,,ˈko.ɾo,,"Used for animals.",,
tóho,"measure word",ADP,,TH,,ˈto:.o,,"Used for small and/or round objects, such as fruits, cups, nuts, and so on.",,
kerag,meat,N,,KR,,ˈke.ɾag,,,,
takakan,medicine,N,,,,taˈka.kan,,,,
tengkan,meeting,N,,,,ˈtɛŋ.kan,,,,
yángfi,melon,N,,TH,,ˈja:ŋ.fi,,,,
selurahan,"mental illness",N,,,,ˌse.luˈɾa.han,"Literally ""soul chaos.""",,,
towan,metal,N,,TM,,ˈto.wan,,"Like ""tamis"" (iron), ""towan"" uses the tamis measure word, in fact, all metals use tamis because towan uses tamis.",,
sésa,middle,ADJ,seþ,,,ˈse:.sa,,,,Matelian
nocat,milk,N,,,,ˈno.t͡ʃat,,,,
jingna,mind,N,,,,ˈd͡ʒɪn.na,"From Imperial Karanesa ginganak; use of /dʒ/ appears to be by analogy to native jinkir, which has the same root.",,,"Imperial Karanesa"
vira,minute,N,,KG,,ˈvi.ɾə,,,,
jihká,mist,N,,KC,,ˈd͡ʒɪʔ.ka:,,,,
sinravi,monarch,N,sinyravi,,,ʃɪnˈɾa.vi,,,,
káyang-káyang,money,N,,TM,,ˌka:.jaŋˈka:.jaŋ,,"Mass noun of káyang, formed through full reduplication.",,
maran,monster,N,marany,,,ˈma.ɾan,,,,
ríta-líta,month,N,,KG,,ˌɾi:.təˈli:.tə,"Reduplication of ''líta'' (moon).",,,
líta,moon,N,,SL,,ˈli:.tə,,,,
kilo,more,ADJ,,,,ˈki.lo,,,,
cáraza,morning,N,,KG,,t͡ʃa:ˈɾa.zə,,,,
dah~,most,AFF,,,,ˈdaʔ,,"The <h> is frequently elided when this circumfix is applied.",,
rusta,moth,N,,,,ˈɾʊs.tə,,,,
kaja,mother,N,kadya,,,ˈka.d͡ʒə,,,,
kaz,mother,N,kaž,,LRT,ˈkað,,"Used in almost all contexts in this dialect, instead of ''kaja'' or ''katosha"".",,
curak,mountain,N,,KC,,ˈt͡ʃu.ɾak,,,,
fencurakan,"mountain range",N,,KC,,ˌfɛɲt͡ɕ.uˈɾa.kan,,,,
kicíng,mouse,N,,KR,,ˈki.t͡ʃi:ŋ,,,,
vota,mouth,N,,KR,,ˈvo.tə,,,,
tetákr,move,V,,,,ˈte.ta:kʀ,"Irregular reduplication of ""tákr"" (regular would be tatákr), possibly due to ""tenatákr"" (cause to move).",,,
tákr,move,V,,,,ˈta:kʀ,,,,
nua,mud,N,,,,ˈnu.a,,,,
kasur,multiply,V,,,,ˈka.sʊɾ,,,,
kaz,mum,N,kað,,,ˈkað,,"More casual form of ''kaja''.",,
kai,mummy,N,,,,ˈkai,,,,
ká,myself,P,,*sg,,ˈka:,,"Rarely used as a 1st person singular pronoun, especially when talking to oneself.",,
hyatyatang,myth,N,,MY,,hʲaˈtʲa.taŋ,,,,
tala,nail,N,,KR,,ˈta.lə,,,,
kata,name,N,,MY,,ˈka.tə,,,,
katar,name,V,,,,ˈka.taɾ,,,,
Fitárvi,"name of a continent",PPR,,,,fiˈta:ɾ.vi,,"Name of Quillan in Rokadong.",,
"Selshan Téshika Téraza Télíta","name of a god",PPR,,,,"sɛlˌʃan .te:ˌʃi.kə ˌte:.ɾaˌzə .te:ˈli:.tə","Together, the phrase can be taken as ""Galaxy Lord of Earth, Sun, and Moon."" As seen in the derivations section, each word is ""the Milky Way"", ""Great Earth"", ""Great Sun"", and ""Great Moon"".","The full name is rarely used compared to shortenings of ""Selshan Téshika"" or even just ""Selshan"". They are the creator deity in Yukacan mythology, and the patron deity of the Quill Kingdom. Selshan is said to have created the earth and all the stars in the sky, especially the Sun and Moon. They are described as an androgynous, white or blue-white kanva that guides the world in the Yukacan way.",,
kanavá,"name of a group of peoples",N,,,,kaˈnə.va:,"From Proto-Nenta Kana (as in the mythical homeland) + ban ""person"".","""Kanava"" in Rokadong typically refers exclusively to kanvas of Quillan. However, it got borrowed into other languages, where it came to refer to the entire species.",,
Kana,"name of a legendary homeland",PPR,,,,ˈka.nə,,"In the Ferkuwian religion, Kana is one of two mythical homelands to the kanva. ",,
Pejín,"name of a planet",PPR,,,,ˈpe.d͡ʒi:n,"From Debazi pezen ""everything, the planet"".","Name of the planet of Pezen, equivalent to ""Earth"" (versus ""the earth"", known as ""Iriseltana"" and translated as ""Spectradom""). In other words, Pejín/Pezen refers to the celestial object, while Iriseltana/Spectradom refers to the land and seas.",,Debazi
fudas,"name of a sentient species",N,,RZ,,ˈfu.daθ,,"Name of the species known in English as figures.",,
karíta,"name of a sentient species",N,,RZ,,kaˈɾi:.tə,,"Word for the fey-like species known in English as ""sketch.""",,
kucing,"name of a sentient species",N,,RZ,,ˈku.t͡ʃɪŋ,,"Name of the species known as kanvas.",,
suwaca,"name of a specific object",N,,,,suˈwa.t͡ʃa,,"Suaca (translated as ""swatches"") are cards or tablets in which magic can be embedded, usually using mana-laced paints or similar. This allows someone to activate the swatch to activate a spell - usually, a simple one, like throwing a fireball or freezing the surface of a body of water. However, multiple swatches can be combined together to make more powerful magic.",,
káwai,"name of a spirit-being",PPR,,SL,,ˈka:.wai,,"Known as ""quills"" in English, these are fairy-like small humanoid creatures said to be born from a magic papyrus.",,
telajang,"name of a writing system",PPR,,,,teˈla.d͡ʒaŋ,,"The official name of the Rokadong script.",,
curakjang,"name of a writing system",PPR,,,,t͡ʃuˈɾak.d͡ʒaŋ,,"An unofficial name of the Rokadong script.",,
kéwah,narrow,ADJ,,,,ˈke:.waʔ,,,,
ibat,near,ADP,,,,ˈi.bat,,,,
kapo,neck,N,,KR,,ˈka.po,,,,
ácen,net,N,,,,ˈa:.t͡ʃɛn,,,,
votácen,network,V,,,,voˈta:.t͡ʃɛn,,,,
rasó,new,ADJ,raþó,,,ˈɾa.so:,"Irregular deverbalization form of Old Rokadong rathorə ""to make.""",,,
kiha,next,ADJ,,,,ˈki.ə,,"For sequences.",,
iha,"next to",ADP,,,,ˈi.ə,,"For locations.",,
lítari,night,N,,KG,,li:ˈta.ɾi,,,,
nyan,nine,NUM,,,,ˈɲan,,,,
nyanggung,"nine hundred",NUM,,,,ˈɲaŋ.gʊŋ,,,,
akinyan,nineteen,NUM,,,,aˈki.ɲan,,,,
manani,nineteenth,ADJ,,,,maˈna.ni,,,,
nanikani,ninety,NUM,,,,ˌna.niˈka.ni,,,,
nani,ninth,ADJ,,,,ˈna.ni,,,,
koi,no,PTC,,,,ˈkoi,,,,
nirazil,nobody,N,,NMW,,niˈɾa.ʒɪl,,,,
ravien,non-binary,ADJ,,,,ɾaˈvi.en,,,,
tayen,nor,C,taen,,,ˈta.jɛn,,,,
maris,normal,ADJ,mariþ,,,ˈma.ɾɪθ,,,,
irikang,north,N,,KC,,iˈɾi.kaŋ,,,,
irikang,north,N,,KC,,iˈɾi.kaŋ,,,,
irikang,north,N,,KC,,iˈɾi.kaŋ,,,,
peka,nose,N,,KR,,ˈpe.kə,,,,
takal,not,PTC,,,,ˈta.kal,,"Used to negate verbs and adjectives, like English ""did not"" in ""I did not have sex with that woman.""",,
tak,not,PTC,,,,ˈtak,,"Used to negate verbs and adjectives, like English ""did not"" in ""I did not have sex with that woman.""",,
reta,not,PTC,,,,ˈɾe.tə,,"Used to negate nouns, like English ""not a"" in ""I am not a crook"" or ""no"" in ""No President should be a criminal.""",,
pal,not,AFF,,,,ˈpal,"From Debazi ""pall(a/i/u)"" (negation particle).","Equivalent to the English prefix ""a-"".",,
niki,nothing,NUM,,,,ˈni.ki,,,,
zun,number,N,,NMW,,ˈzʊn,,,,
sáta,o'clock,ADV,,,,ˈsa:.tə,,,,
dahai,ocean,N,,KC,,ˈda.hai,,,,
na,of,ADP,,,,ˈnə,,"In the sense of ""out of.""",,
to,of,PTC,,,,ˈto,,"Marks that a noun is in the genitive.",,
fitrayan,office,N,fitraqn,,,fɪtˈɾa.jan,,,,
kalia,oil,N,,KC,,kaˈli.a,,,,
cíkapa,old,ADJ,,,,t͡ʃi:ˈka.pə,,,,
no,on,ADP,,,,ˈno,,,,
aki,one,NUM,,,,ˈa.ki,,,,
ika,one,P,,*sg,,ˈi.kə,,"4th person pronoun.",,
gung,"one hundred",NUM,,,,ˈgʊŋ,,,,
rong,"one thousand",NUM,,,,ˈɾɔŋ,,,,
ká,oneself,P,,*sg,,ˈka:,,"Reflexive pronoun generally.",,
én,or,C,,,,ˈe:n,,,,
yángfi,orange,ADJ,,,,ˈja:ŋ.fi,,,,
danár,order,V,,,,ˈda.na:ɾ,,,,
ai,ouch,I,,,,ˈai,,,,
yao,ouch,I,,,,ˈja.o,,,,
ne,out,ADP,nge,,,ˈne,,,,
mokó,oven,N,,SK,,ˈmo.ko:,,,,
dekage,pace,N,,NMW,,deˈka.ge,,,,
káza,paper,N,,FR,,ˈka:.zə,"From Imperial Karanesa kátha, from Old High Kanafan katth.",,,
haros,parent,N,,,,ˈha.ɾɔθ,"From Sanenyan ""harrosa"" (guardian).",,,
tereya,parent,N,,RZ,,teˈɾe.jə,,,,
myura,part,N,,KC,,ˈmʲu.ɾə,"From Old High Kanafan myd (to split, part, slice), through Imperial Karanesa mûra. Compare High Karanesa mîd.",,,
mene,part,N,,KC,,ˈme.ne,,"In some Oceanic dialects, it is pronounced meneh /meneʔ/.",,
vayú,passage,N,vaiqú,,,ˈva.ju:,,,,
kugya,past,N,,SL,,ˈku.gʲa,,,,
shan,path,N,,TL,,ˈʃan,,,,
laté,paw,N,,KR,,ˈla.te:,,,,
semakkil,peace,N,þemahkil,,,seˈmak.kɪl,,,,
semah,peaceful,N,þemah,,,ˈse.maʔ,,,,
míhago,period,N,,KG,,mi:ˈa.go,,,,
níkadar,permit,V,,,,ni:ˈka.daɾ,,,,
razil,person,N,,NMW,,ˈɾa.ʒɪl,,,,
myuzur,pick,V,myuður,,,ˈmʲu.zʊɾ,,,,
vópal,picture,N,,KC,,ˈvo:.pal,,,,
mitos,piece,N,,,,ˈmi.tɔθ,"From Imperial Karanesa.",,,
alefisha,pink,ADJ,,,,ˌa.leˈfi.ʃə,,,,
vota-,place,AFF,,,,ˈvo.tə,,,,
-an,place,AFF,,,,ˈan,,,,
"fer- -an",place,AFF,,,,"ˈfɛɾ .an",,"Basically ""place of (noun this circumfix is applied to)"". The r is dropped if the next morpheme starts with a liquid.",,
velo,place,N,,KC,,ˈve.lo,,,,
fen-,place,AFF,,,,ˈfɛn,,"Basically ""place of (noun this circumfix is applied to)"". The r is dropped if the next morpheme starts with a liquid.",,
hetaja,plan,N,,MY,,heˈta.d͡ʒə,,,,
toska,planet,N,,,,ˈtɔs.ka,"From Imperial Karanesa tôsaká ""wandering star"". Doublet of sósah.","The sense meaning ""the Earth"" is more recent.",,
sósah,planet,N,,,,ˈso:.saʔ,"Doublet of toska.",,,
shikar,play,V,,,,ˈʃi.kaɾ,,,,
gítar,please,V,,,,ˈgi:.taɾ,,"Yes, it's a gustar-like verb for to like... remember, *all* emotion verbs are experiential verbs in Rokadong.",,
lánefinya,please,I,,,,ˌla:.neˈfi.ɲə,,,,
hetaja,plot,N,,MY,,heˈta.d͡ʒə,,,,
tékuha,plural,PTC,,2pl,,te:ˈku.ə,,"Placed after any semi-formal or formal 2nd person singular pronoun to pluralize it.",,
-yaci,plural,PTC,,2pl,,ˈja.t͡ʃi,,"Placed after any informal 2nd person singular pronoun to pluralize it.",,
tako,poison,N,,KC,,ˈta.ko,,,,
takor,poison,V,,,,ˈta.kɔɾ,,,,
carar,poke,V,,,,ˈt͡ʃa.ɾaɾ,,,,
anzanaka,polygon,N,,,,ˌan.zaˈna.kə,,,,
shukudakaca,polyhedron,N,,,,ʃuˌku.daˈka.t͡ʃə,,,,
múspola,port,N,múshpola,,,mu:sˈpo.la,"Literally ""bay city"", as bays are naturally good at being port towns. Not to be confused with kerés, which refers to the harbor itself.",,,
yaki,post,N,,TM,,ˈja.ki,,"Also refers to internet posts.",,
miha,previous,ADJ,,,,ˈmi.ə,,,,
lakkadir,procrastinate,V,lahkadir,,,lakˈka.dɪɾ,"Clipping of ""asur laki kadi"" (to save/hold for tomorrow).","Sometimes also spelled with the ka letter instead of a final glottal stop.",,
furar,pull,V,,,,ˈfu.ɾaɾ,,,,
fitra,purpose,N,,,,ˈfɪt.ɾa,"From Debazi fithra ""goal, purpose.""",,,Debazi
salar,push,V,,,,ˈsa.laɾ,,,,
danggashika,puzzle,N,,,,ˌdaŋ.gəˈʃi.ka,,,,
-kil,"quality affix",AFF,,,,ˈkɪl,"From Proto-Nenta *qilla (quality).","The k is dropped if the previous morpheme starts with a plosive other than /ʔ/.",,
it-,"quality affix",AFF,,,,ˈit,"Ultimately, from Proto-Nensein *itta (quality particle).","The t is dropped if the next morpheme starts with a consonant (other than /j/). -kil is preferred, as it- is more likely to be considered part of a word's root.",,
sinjazi,queen,N,sinjazi,,,ʃɪɲd͡ʑˈa.ʒi,,,,
kuila,rabbit,N,kuqila,KR,,kuˈi.lə,,,,
déntuca,rain,N,,KC,,de:nˈtu.t͡ʃə,,,,
atashing,rainforest,N,,KC,,aˈta.ʃɪŋ,,,,
sómna,raw,ADJ,,,,ˈso:n.na,,,,
senten,reason,N,,,,ˈsɛn.tɛn,,"Reduction of ""sena-tena"", a rhyming duplication of ""tenar"".",,
alef,red,ADJ,,,,ˈa.lɛf,,,,
myafu,reflection,N,,TM,,ˈmʲa.fu,,,,"Classical Nenta"
zasirsen,reflection,N,ðsirsen,,,zəˈʃɪɾ.sɛn,"From Liðakuin ""ðusihr sehné"" (reflection).",,,Liðakuin
akanto,region,N,,TM,,aˈkan.to,"From Sainen ""akatu"" (same meaning, originally ""akantou"").",,,
noisir,repeat,V,,,,ˈnoi.ʃɪɾ,,,,
areca,reptile,N,,KR,,aˈɾe.t͡ʃə,,,,
indarká,rest,V,,,,inˈdaɾ.ka:,,,,
céla,rice,N,,LK,,ˈt͡ʃe:.la,,,,
tecéla,rice,N,,LK,,teˈt͡ʃe:.la,,"Refers to rice to be served loose, such as a side of rice in Tex-Mex food or the base for Chinglish food, rather than being turned into a rice cake or similar.",,
palir,ride,V,,,,ˈpa.lɪɾ,,,,
tisha,right,N,,KC,,ˈti.ʃə,,,,
tisha,right,ADJ,,KC,,ˈti.ʃə,,,,
tisha,right,N,,KC,,ˈti.ʃə,,,,
tisha,right,ADV,,KC,,ˈti.ʃə,,,,
nanikada,right,N,,KC,,ˌna.niˈka.də,"Reduplication of ""nikada"" (allowance).",,,
alara,ring,N,,KC,,aˈla.ɾə,,,,
miyo,river,N,,TL,,ˈmiʝ.o,,,,
bavo,road,N,,TM,,ˈba.vo,,,,
gingka,rock,N,,KC,,ˈgɪŋ.kə,,,,
resen,roll,N,reþen,,,ˈɾe.sɛn,,"Means ""rolled-up object"" generally, as in both ""roll of bread"" and ""roll of yarn"".",,
kagu,root,N,,TS,,ˈka.gu,,,,
shiro,rope,N,,TL,,ˈʃi.ɾo,,,,
shícar,rot,V,,,,ˈʃi:.t͡ʃaɾ,,,,
kacat,round,ADJ,,,,ˈka.t͡ʃat,,,,
letar,rub,V,,,,ˈle.taɾ,,,,
yukatr,rule,V,,,,ˈju.katɾ,,,,
lurukr,run,V,,,,ˈlu.ɾʊkʀ,"Partial reduplication of rukr, which augments the verb.",,,
nayakr,"run away",V,,,,ˈna.jakʀ,,,,
amawík,sad,ADJ,,,,aˈma.wi:k,,"From ""anmawíkr"" ""to be sad"".",,
mawíkr,sadden,V,,,,ˈma.wi:kʀ,,,,
tagi,salt,N,,LK,,ˈta.gi,,,,"Imperial Karanesa"
rahan,sand,N,,LK,,ˈɾa.han,,,,
tentemar,save,V,,,,tɛnˈte.maɾ,"Irregular verbalization; effectively tena-sema-r ""to cause peace"". The s was originally /θ/ and due to stress being on the ma, it reduced to /t/ instead of /s/.",,,
mayar,say,V,,,,ˈma.jaɾ,,,,
koro,scale,N,,NMW,,ˈko.ɾo,,,,
micel,scam,N,,,,ˈmi.t͡ʃɛl,,,,
micelar,scam,V,,,,miˈt͡ʃe.laɾ,"From Debazi micela ""lie, false"".",,,
matar,scare,V,,,,ˈma.taɾ,,,,
anmata,scared,ADJ,,,,aˈma.tə,,,,
tenamata,scary,ADJ,,,,ˌte.naˈma.tə,,,,
ryuhung,school,N,,KC,,ˈɾʲu.hʊŋ,,,,
itakr,scratch,V,,,,ˈi.takʀ,,,,
suro,sea,N,,KC,,ˈsu.ɾo,,,,
yatár,search,V,,,,ˈja.ta:ɾ,,,,
tangka,season,N,,KG,,ˈtaŋ.kə,,,,
dune,second,ADJ,,,,ˈdu.ne,,,,
dekage,second,N,,NMW,,deˈka.ge,,,,
lápr,see,V,,,,ˈla:pɾ,,,,
liki,seed,N,,NMW,,ˈli.ki,,,,
fuasar,sell,V,fuqsar,,,fuˈa.saɾ,,,,
lanyur,send,V,,,,ˈla.ɲʊɾ,,,,
piyoka,servant,N,,RZ,,piʝˈo.kə,,,,
piyokar,serve,V,,,,piʝˈo.kaɾ,,,,
indar,set,V,,,,ˈin.daɾ,,,,
merikr,"set free",V,,,,ˈme.ɾɪkʀ,,,,
pita,seven,NUM,,,,ˈpi.tə,,,,
pitagung,"seven hundred",NUM,,,,piˈta.gʊŋ,,,,
akipita,seventeen,NUM,,,,ˌa.kiˈpi.tə,,,,
mapéngga,seventeenth,ADJ,,,,maˈpe:ŋ.gə,,,,
péngga,seventh,ADJ,,,,ˈpe:ŋ.gə,,,,
pitakani,seventy,NUM,,,,ˌpi.taˈka.ni,,,,
corar,sew,V,,,,ˈt͡ʃo.ɾaɾ,,,,
haku,sex,N,,SL,,ˈha.ku,,,,
myafu,shadow,N,,TM,,ˈmʲa.fu,,,,"Classical Nenta"
samatr,shake,V,samaþr,,,ˈsa.matɾ,,,,
korong,"shallow water",N,,,,ˈko.ɾɔŋ,,,,
nanúka,shard,N,,,,nəˈnu:.ka,"From Old Rokadong nunúka ""piece of glass, glassware.""",,,
cangka,sharp,ADJ,,,,ˈt͡ʃaŋ.kə,,,,
súnza,shit,N,súmza,KC,,ˈsu:n.zə,,,,
súnzagr,shit,V,súmzarar,,,ˈsu:n.zagʀ,,,,
isúnza,shitty,ADJ,isúmza,,,iˈsu:n.zə,,,,
ituwitá,shitty,ADJ,itiwatá,,,ˌi.tuˈwi.ta:,"Exactly what it sounds like.","Irregular spelling as a result of recent loaning; meant to imply [itʷita] by analogy to the orthography that [CʲV] uses.",,
hari,short,ADJ,,,,ˈha.ɾi,,,,
hari,short,ADJ,,,,ˈha.ɾi,,,,
yúkar,show,V,,,,ˈju:.kaɾ,,,,
bispar,sicken,V,,,,ˈbɪs.paɾ,,,,
nyupambispa,sickness,N,,,,ˌɲu.pamˈbɪs.pa,"From nyupan (formal form of nyuwa) + bispa (to get sick).",,,
shukuda,side,N,,,,ʃuˈku.də,"From Imperial Karanesa shókuda.",,,
fukyarusta,silkworm,N,,,,ˌfu.kʲaˈɾʊs.tə,,,,
firil,silver,N,,,,ˈfi.ɾɪl,"Literally ""coin-ish"", backformed from the expansion of ""firos"" (coin).",,,
"tana hai",since,ADP,,,,"ˈta.na ˈhai",,,,
medar,sing,V,,,,ˈme.daɾ,,,,
neca,sister,N,,,,ˈne.t͡ʃə,,,,
febarká,sit,V,,,,feˈbaɾ.ka:,,,,
roka,six,NUM,,,,ˈɾo.kə,,,,
rokagung,"six hundred",NUM,,,,ɾoˈka.gʊŋ,,,,
akiroka,sixteen,NUM,,,,ˌa.kiˈɾo.kə,,,,
marikun,sixteenth,ADJ,,,,maˈɾi.kʊn,,,,
rikun,sixth,ADJ,,,,ˈɾi.kʊn,,,,
rokakani,sixty,NUM,,,,ˌɾo.kaˈka.ni,,,,
tétel,skin,N,,KR,,ˈte:.tɛl,,,,
lezi,sky,N,,KC,,ˈle.ʒi,,,,
mijina,slate,N,,,,miˈd͡ʒi.na,"From Imperial Karanesa mitgina, a compound of mitos ""piece, fragment"" + gina ""rock"".",,,
mimir,sleep,V,,,,ˈmi.mɪɾ,,,,
jibakr,sleep,V,,,,ˈd͡ʒi.bakʀ,,,,
mene,slice,N,,KC,,ˈme.ne,,"In some Oceanic dialects, it is pronounced meneh /meneʔ/.",,
besta,slime,N,,KR,,ˈbɛs.tə,,,,
besta,slime,N,,KC,,ˈbɛs.tə,,,,
turóni,slow,ADJ,,,,tuˈɾo:.ni,,"As in speed only; compare Spanish ""lento"" (as opposed to Spanish ""tardo"" which does refer to both physical and mental slowness).",,
hita,small,ADJ,,,,ˈhi.tə,,,,
ailua,smart,ADJ,ailuq,,,aiˈlu.wa,,,,
lepir,smell,V,,,,ˈle.pɪɾ,,,,
fayam,smoke,N,,KC,,ˈfa.jam,,,,
veda,smooth,ADJ,,,,ˈve.də,,,,
shuza,snake,N,,KR,,ˈʃu.zə,,,,
kúsha,snow,N,,KC,,ˈku:.ʃə,,,,
kihi,snow,N,,,,ˈki.hi,,,,
lí,so,C,,,,ˈli:,,,,
gintétonaka,solid,ADJ,gingtéto,,,gɪnˌte:.toˈna.kə,,,,
gintéto,solid,ADJ,gingtéto,,,gɪnˈte:.to,"Mashed together ""gingka"" (rock), ""téril"" (wood), ""towan"" (metal).",,,
ungkaca,something,P,,,,uŋˈka.t͡ʃə,,,,
naiji,son,N,,,,ˈnai.d͡ʒi,,"Slightly younger word in Rokadong than ""kita"". See also ""naita"".",,Matelian
meda,song,N,,MY,,ˈme.də,,,,
damawík,sorry,ADJ,,,,daˈma.wi:k,,,,
jairi,sound,N,,KC,,ˈd͡ʒai.ɾi,,,,
daijang,south,N,,KC,,ˈdai.d͡ʒaŋ,,,,
garar,speak,V,,,,ˈga.ɾaɾ,,,,
génda,special,ADJ,,,,ˈge:n.da,,,,
mayotau,speech,N,,DH,,maˈjo.tau,,,,
doka,speech,N,,MY,,ˈdo.kə,,,,
mayaku,spell,N,,NMW,,maˈja.ku,,,,
kitar,spend,V,,,,ˈki.taɾ,,,,
antya,spicy,ADJ,,,,ˈan.tʲa,,"As in hot or picante.",,
hyata,spirit,N,,SL,,ˈhʲa.tə,,,,
pukar,spit,V,,,,ˈpu.kaɾ,,,,
meneir,split,V,,,,meˈne.iɾ,,,,
meneir,"split up",V,,,,meˈne.iɾ,,,,
zúngkoi,spoon,N,,TL,,ˈzu:ŋ.koi,,,,
tilesh,spouse,N,,RZ,,ˈti.lɛʃ,,,,
dina,spring,N,,KG,,ˈdi.nə,,,,
parmar,squeeze,V,,,,ˈpaɾ.maɾ,,,,
furirká,stand,V,,,,"fuˈɾɪɾ .ka:",,,,
sela,star,N,,NMW,,ˈse.lə,,"In many compound words, ""sela"" either has a connotation of, or better translates to, ""one's soul"" - the Debazi-loaned ""raura"" is the preferred scientific term for the points of light as a result.",,
raura,star,N,,SL,,ˈɾau.ɾa,"From Debazi rȝura, with the same meaning.","Uncommonly seen alone in most dialects. Instead, it is more common to see ""raura"" in a compound word, such as ""anfukaraura"" (stellar remnant).",,
tanar,start,V,,,,ˈta.naɾ,,,,
ubisha,state,N,,,,uˈbi.ʃə,,,,
táhil,steel,N,,,,ˈta:.il,,,,
kage,step,N,,NMW,,ˈka.ge,,,,
rekí,stick,N,,TS,,ˈɾe.ki:,,,,
rekí,stick,N,,TL,,ˈɾe.ki:,,,,
balyun,stomach,N,,KR,,ˈba.lʲʊn,,,,
júna,stone,N,,,,ˈd͡ʒu:.nə,,,,
penar,stop,V,,,,ˈpe.naɾ,,,,
take,storm,N,,KC,,ˈta.ke,,,,
yatang,story,N,,MY,,ˈja.taŋ,,"May also be a jang noun if written down (as in a book).",,
sudíng,straight,ADJ,,,,ˈsu.di:ŋ,,"Also used to refer to a direction, e.g. ""straight ahead"" (see also ""direct"").",,
lefa,strawberry,N,,TH,,ˈle.fə,,,,
magata,stupid,ADJ,,,,maˈga.tə,"From Classical Nenta ""megeqta"" (confusion).","Since the removed q is irregular, in some dialects, it is still pronounced with a geminated t, [məˈgatːə].",,
tupar,subtract,V,,,,ˈtu.paɾ,,,,
kábiar,suck,V,,,,ka:ˈbi.aɾ,,,,
kairi,sugar,N,,KC,,ˈkai.ɾi,,,,
naho,summer,N,,KG,,ˈna.o,,,,
raza,sun,N,,SL,,ˈɾa.zə,,,,
cáraza,sunrise,N,,KG,,t͡ʃa:ˈɾa.zə,,,,
melraza,sunset,N,,KG,,meˈra.zə,,,,
tapanggar,swell,V,,,,taˈpaŋ.gaɾ,,,,
daizár,swim,V,,,,ˈdai.za:ɾ,,,,
seras,sword,N,seraþ,,,ˈse.ɾaθ,,,,"Imperial Karanesa"
jang,symbol,N,,NMW,,ˈd͡ʒaŋ,,,,
matak,table,N,mahtak,,,ˈma.tak,"From Classical Nenta matəqu ""slab, especially of rock."" ",,,
kápu,taboo,N,,SL,,ˈka:.pu,,"Also the adjective.",,
kaham,tail,N,,KR,,ˈka.ham,,,,
tupar,"take away",V,,,,ˈtu.paɾ,,,,
ferir,talk,V,,,,ˈfe.ɾɪɾ,,,,
canyu,tall,ADJ,,,,ˈt͡ʃa.ɲu,,,,
tirakr,taste,V,,,,ˈti.ɾakʀ,"From Sainen ""tirákaz"" (to taste).",,,
tekayúr,teach,V,,,,teˈka.ju:ɾ,,"Portmanteau of tenakayúr ""to cause to learn.""",,
mésakil,temporary,ADJ,,,,me:ˈsa.kɪl,"From Sainen ""meisa"" (time) + Rokadong ""-kil"" (affix for quality or abstraction).",,,
kani,ten,NUM,,,,ˈka.ni,,,,
kína,"ten quadrillion",NUM,,,,ˈki:.nə,,,,
móku,"ten thousand",NUM,,,,ˈmo:.ku,,,,
kanih,tenth,ADJ,,,,ˈka.nɪʔ,,,,
sura,text,N,,,,ˈsu.ɾə,,,,
pa,than,C,,,,ˈpa,,,,
ibi,that,DET,,,,ˈi.bi,,"May also be a pronoun.",,
zah,that,C,,,,ˈzaʔ,,,,
bawa,that,C,,,,ˈba.wə,,,,
zahibi,"that one",DET,,,,za.ˈi.bi,,"Emphasizes ""ibi"" (that).",,
zanmakadi,"the day after tomorrow",N,,KG,,ˌza.maˈka.di,,,,
kugyakapa,"the day before yesterday",N,,KG,,ˌku.gʲaˈka.pə,,,,
ibisa,there,ADV,,,,iˈbi.sə,,,,
"lanaz razil",they,P,,3pl,,"ˌla.nað ˈɾa.ʒɪl",,"3rd person informal plural pronoun originally referring to female groups. Considered ungrammatical and only used in conservative dialects.",,
kamusha,they,P,,3pl,,kaˈmu.ʃə,,"3rd person formal plural pronoun.",,
"razil ibi",they,P,,3pl,,"ˌɾa.ʒɪl ˈi.bi","Literally ""razil"" (person) + ""ibi"" (that).","3rd person formal plural pronoun.",,
"kamusha ibi",they,P,,3pl,,"kaˌmu.ʃə ˈi.bi",,"3rd person formal plural pronoun.",,
"lanil razil",they,P,,3pl,,"ˌla.nɪl ˈɾa.ʒɪl",,"3rd person informal plural pronoun originally referring to nonbinary groups, now preferred regardless of the gender of the constituents.",,
"landa razil",they,P,,3pl,,"ˌlan.də ˈɾa.ʒɪl",,"3rd person informal plural pronoun originally referring to male groups. Considered ungrammatical and only used in conservative dialects.",,
teshi,thick,ADJ,,,,ˈte.ʃi,,,,
tingka,thin,ADJ,,,,ˈtɪŋ.kə,,,,
kaca,thing,N,,NMW,,ˈka.t͡ʃə,"From Middle Rokadong ""káca"" (boulder). Borrowed from Old Sanenyan ""kassha"" (Modern Sanenyan kàsha).",,,
naka,thing,N,,NMW,,ˈna.kə,"Ultimately, from Proto-Nenta noqə~noq ""physical object"".","Is its own measure word. Generally, ""noka"" is used for physical objects only.",,
jingkir,think,V,,,,ˈd͡ʒɪŋ.kɪɾ,,,,
lene,third,ADJ,,,,ˈle.ne,,,,
akira,thirteen,NUM,,,,aˈki.ɾə,,,,
malene,thirteenth,ADJ,,,,maˈle.ne,,,,
rakani,thirty,NUM,,,,ɾaˈka.ni,,,,
ila,this,DET,,,,ˈi.lə,,,,
zahila,"this one",DET,,,,za.ˈi.lə,,,,
rong,thousand,NUM,,,,ˈɾɔŋ,,,,
ra,three,NUM,,,,ˈɾa,,,,
ragung,"three hundred",NUM,,,,ˈɾa.gʊŋ,,,,
rarong,"three thousand",NUM,,,,ˈɾa.ɾɔŋ,,,,
soka,through,ADP,,,,ˈso.kə,,,,
sokasoka,throughout,ADP,,,,ˌso.kaˈso.kə,,"Reduplication of ""soka"", emphasizing the word.",,
kazir,throw,V,,,,ˈka.ʒɪɾ,,,,
shirah,thunder,N,,KC,,ˈʃi.ɾaʔ,,,,
andar,tie,V,,,,ˈan.daɾ,,,,
dín,time,N,,KG,,ˈdi:n,,"Refer to ""míha"" for the temporal sense of the English word ""time"".",,
míha,time,N,,KG,,ˈmi:.ə,,"Refers to the temporal sense of ""time"", not the occurence sense (e.g. ""first time"").",,
koi,to,ADP,,,,ˈkoi,,,,
ashora,today,ADV,ažora,,,əˈʃo.ɾa,,,,
ashora,today,N,ažora,,,əˈʃo.ɾa,,,,
kadi,tomorrow,ADV,,KG,,ˈka.di,,,,
kadi,tomorrow,N,,KG,,ˈka.di,,,,
garash,tongue,N,,KR,,ˈga.ɾaʃ,,,,
guro,tooth,N,,KR,,ˈgu.ɾo,,,,
ara,top,ADJ,,,,ˈa.ɾə,,,,
téguha,total,N,,,,te:ˈgu.a,"From Proto-Nenta teaguxoh ""wealth, riches"", which expanded into meaning ""net worth"" and then ""total"", before the first two meanings were superseded by what in Modern Rokadong is the word magaha. No relation to the word ""tékuha"".",,,Proto-Nenta
gahar,touch,V,,,,ˈga.haɾ,,,,
perka,toward,ADV,,,,ˈpɛɾ.kə,,,,
perka,towards,ADP,,,,ˈpɛɾ.kə,,,,
pakan,town,N,,KC,,ˈpa.kan,,,,
bakar,transform,V,,,,ˈba.kaɾ,,"Used in reference to species with multiple forms, or species that metamorphose such as caterpillars.
""Ca"" (as) follows this word rather than the expected ""pe"" (to) of English, as the verb also means disguise.",,
nokur,trap,V,,,,ˈno.kʊɾ,,,,
noko,trap,N,,KC,,ˈno.ko,,,,
mikár,treat,V,,,,ˈmi.ka:ɾ,,,,
yarit,tree,N,,TS,,ˈja.ɾɪt,,,,
cú,trillion,NUM,,,,ˈt͡ʃu:,,,,
yutar,try,V,,,,ˈju.taɾ,,,,
anrikas,tundra,N,,KC,,anˈɾi.kaθ,,,,
kirurká,turn,V,,,,"kiˈɾʊɾ .ka:",,,,
kedi,twelfth,ADJ,,,,ˈke.di,,,,
kedre,twelve,NUM,,,,ˈkɛd.ɾe,"From Early Rokadong ker (12) and Modern Rokadong de (2).",,,
dukanih,twentieth,ADJ,,,,duˈka.nɪʔ,,,,
dekani,twenty,NUM,,,,deˈka.ni,,,,
dekanhari,twenty-eight,NUM,,,,ˌde.kanˈa.ɾi,,,,
dukan,twenty-first,ADJ,,,,ˈdu.kan,,,,
dekaming,twenty-five,NUM,,,,deˈka.mɪŋ,,,,
dekangko,twenty-four,NUM,,,,deˈkaŋ.ko,,,,
dekanyan,twenty-nine,NUM,,,,deˈka.ɲan,,,,
dekanaki,twenty-one,NUM,,,,ˌde.kaˈna.ki,,,,
dukandune,twenty-second,ADJ,,,,ˌdu.kanˈdu.ne,,,,
dekampita,twenty-seven,NUM,,,,ˌde.kamˈpi.tə,,,,
dekanroka,twenty-six,NUM,,,,ˌde.kanˈɾo.kə,,,,
dekanra,twenty-three,NUM,,,,deˈkan.ɾa,,,,
dekande,twenty-two,NUM,,,,deˈkan.de,,,,
detal,twilight,N,ðetal,,,ˈde.tal,,,,"Imperial Karanesa"
de,two,NUM,,,,ˈde,,,,
degung,"two hundred",NUM,,,,ˈde.gʊŋ,,,,
derong,"two thousand",NUM,,,,ˈde.ɾɔŋ,,,,
van,type,N,,KC,,ˈvan,,,,
tengkil,united,ADJ,tenkil,,,ˈtɛŋ.kɪl,"From an Old Rokadong verb tengar ""to combine"", itself a Sanenyan loan from qanha ""to bundle, to combine"".",,,
tengki,unity,N,tenki,,,ˈtɛŋ.ki,"Folk etymology: From ""tenar"" + ""aki"".
Actual etymology: From an Old Rokadong verb tengar ""to combine"", itself a Sanenyan loan from qanha ""to bundle, to combine"".",,,
rakaka,unnecessary,ADJ,,,,ɾaˈka.kə,,,,
rama,up,N,,KC,,ˈɾa.mə,,,,
rakaka,useless,ADJ,,,,ɾaˈka.kə,,,,
astelian,valuable,ADJ,asteliyal,,,ˌas.teˈli.an,"Formed from Matelian asateli ""diamond"", ultimately from Sãdenyán hashrĩl ""diamond, gemstone, valuable"".","The expected form would be *astelil, but the -an suffix is used instead, likely to avoid /lil/.",,Matelian
palinaka,vehicle,N,,NMW,,ˌpa.liˈno.kə,,"As the word ends in ""noka"", this word doesn't take a measure word.",,
reya,victory,N,,KC,,ˈɾe.jə,,,,
aika,village,N,,KC,,ˈai.ka,,,,
líga,violet,N,,TS,,ˈli:.gə,,,,
líga,violet,ADJ,,,,ˈli:.gə,,,,
nala,voice,N,,KC,,ˈna.lə,,,,
aricurak,volcano,N,,KC,,ˌa.ɾiˈt͡ʃu.ɾak,,,,
pekedr,vomit,V,,,,ˈpe.kɛdɾ,,,,
rukr,walk,V,,,,ˈɾʊkʀ,,,,
fyanar,want,V,,,,ˈfʲa.naɾ,,,,
ashri,war,N,,,,ˈaʃ.ɾi,"From Classical Nenta hasirí ""conflict, skirmish.""",,,"Classical Nenta"
arín,warm,ADJ,,,,ˈa.ɾi:n,,,,
nekó,warrior,N,,RZ,,ˈne.ko:,,,,
salúr,wash,V,,,,ˈsa.lu:ɾ,,,,
rakakar,waste,V,,,,ɾaˈka.kaɾ,,,,
lelápr,watch,V,,,,ˈle.la:pɾ,"Reduplication of ""lápr"" (to see).",,,
askoró,water,N,,,,asˈko.ɾo:,"From Classical Nenta asa korong ""fresh water.""",,,
déla,water,N,,KC,,ˈde:.lə,,,,
kayari,we,P,,1pl,,kaˈja.ɾi,,"May also be used as 1sg.CAS.",,
kinah,we,P,,1pl,,ˈki.naʔ,,"Exclusive ""we"" - the speaker is not included.",,
magaha,wealth,N,,KC,,maˈgə.a,,,,
penrá,week,N,,KG,,ˈpɛn.ɾa:,"Clipping of ''penggaraza'' (seven suns).",,,
yami,west,ADJ,,KC,,ˈja.mi,,,,
yami,west,N,,KC,,ˈja.mi,,,,
déná,wet,ADJ,,,,ˈde:.na:,,,,
ike,what,ADV,,,,ˈi.ke,"Portmanteau of ""ila kel"".",,,
rugong,wheel,N,,TM,,ˈɾu.gɔŋ,,,,
kemí,when,P,,,,ˈke.mi:,"Portmanteau of ""kesa míha"" (""where (in) time"").","When used in a question, this word is typically accompanied by the locative marker ""gun"".",,
kesa,where,ADV,,,,ˈke.sə,"Formed by analogy to ""ike"" and ""ibisa"".","When used in a question, this word is typically accompanied by the locative marker ""gun"".",,
zah,which,DET,,,,ˈzaʔ,,,,
kihil,white,ADJ,,,,ˈki.hɪl,,,,
kena,who,ADV,,,,ˈke.nə,"Formed by analogy to ""ike"" and either the pronoun ""zena"" or the pronoun ""lan"". ",,,
laike,why,PTC,,,,ˈlai.ke,,"Formally, it needs to be joined by ""senten"".",,
kati,wide,ADJ,,,,ˈka.ti,,,,
yata,wild,ADJ,,,,ˈja.tə,,,,
reyar,win,V,,,,ˈɾe.jaɾ,,,,
tayu,wind,N,,KC,,ˈta.ju,,,,"Early Rokadong"
kitah,wing,N,,KR,,ˈki.taʔ,,,,
rafi,winter,N,,KG,,ˈɾa.fi,,,,
barikr,wipe,V,,,,ˈba.ɾɪkʀ,,,,
renyur,wish,V,,,,ˈɾe.ɲʊɾ,,"When ""wishing for"", this verb is followed by the conjunction ""tah"", rather than the expected dative particle ""gun"".",,
remyu,wish,N,,SL,,ˈɾe.mʲu,"From Classical Nenta ""remuy, ramuy"" (dream). ",,,
are,with,ADP,,,,ˈa.ɾe,,,,
arnata,"with me",ADP,,,,aɾˈna.tə,,"Adpositional phrase, much like Spanish ""conmigo"".",,
takare,without,ADP,,,,taˈka.ɾe,,,,
nora,woman,N,,RZ,,ˈno.ɾə,,,,
téril,wood,N,,TM,,ˈte:.ɾɪl,,,,
amaya,word,N,,NMW,,aˈma.jə,,,,
jang-jang,word,N,,NMW,,ˈd͡ʒaɲd͡ʑ.aŋ,,"This word may also itself be a measure word-esque noun. [numeral]jang-jang means ""word with length [numeral]."" In Rokadong script, jang is 2 letters (ja + final ng), so jang-jang is a kojang-jang.",,
wagaser,work,V,,,,waˈga.sɛɾ,,,,
kafar,work,V,,,,ˈka.faɾ,,,,
wagasesona,worker,N,,RZ,,waˌga.seˈso.nə,,"Refers to any labor, though it connotes that the person's job is ""unskilled"" labor.",,
shika,world,N,,KC,,ˈʃi.ka,,,,
toska,world,N,,,,ˈtɔs.ka,"From Imperial Karanesa tôsaká ""wandering star"". Doublet of sósah.","The sense meaning ""the Earth"" is more recent.",,
súnzatenar,worsen,V,súmzatenar,,,ˌsu:n.zaˈte.naɾ,"Backformation from súnzatenasiong.","Literally ""to cause to be shit."" Vulgar.",,
kir,wow,PTC,,,,cʢ̠,,"Used to express shock. Phonemically /kiɾ/.",,
surar,write,V,,,,ˈsu.ɾaɾ,,,,
ayau,yay,I,,,,aˈjau,,,,
kótan,year,N,,KG,,ˈko:.tan,,"May also itself be used as a counter word to describe someone's age, such as in ""dekanaki kótan"" (21 years old).",,
sútan,yellow,ADJ,,,,ˈsu:.tan,,,,
ru,yes,PTC,,,,"a͡ˈu .ʀu",,"A more assertive form of ""vai"", used when one is sure about something. Phonemically /ɾu/.",,
vai,yes,PTC,,,,ˈvai,,,,
kapa,yesterday,ADV,,,,ˈka.pə,,,,
ludi,you,P,,2sg,,ˈlu.di,,"Formal masculine ""you"". Equivalent to English ""sir"".",,
ryu,you,P,,2sg,KTT,ˈɾʲu,,"Use zena outside of oceanic dialects. Considered a variant of zena.",,
zena,you,P,,2sg,,ˈze.nə,,"Zena is the informal second person singular pronoun, when compared to talah. It may form a clitic suffix on the noun it is possessing, of -za.",,
zehan,you,P,,2sg,,ˈze.an,,"Agender and inanimate variant of zena.",,
talah,you,P,,2sg,,ˈta.laʔ,,"Semi-formal ""you"".",,
zeda,you,P,,2sg,,ˈze.də,,"Male variant of zena.",,
tau,you,P,,2sg,,ˈtau,,"Semi-formal ""you"".",,
lunu,you,P,,2sg,,ˈlu.nu,,"Formal feminine ""you"". Equivalent to English ""madam"".",,
javital,you,P,,2sg,,d͡ʒaˈvi.tal,,"Formal ""you"" used when addressing a government official. Equivalent to English ""your Honour"".",,
"talah tékuha",you,P,,2pl,,"taˌlaʔ .te:ˈku.ə",,"Semi-formal plural ""you."" ""Talah"" is preferred.",,
tau,you,P,,2pl,,ˈtau,,"Semi-formal plural ""you.""",,
zenyaci,you,P,,2sg,,zeˈɲa.t͡ʃi,,"Informal plural ""you."" Often equivalent to y'all.",,
zerav,you,P,,2sg,,ˈze.ɾav,,"Nonbinary variant of zena.",,
kantunya,you,P,,2sg,,kanˈtu.ɲə,,"Humble ""you"" used when addressing a nobleperson. Equivalent to English ""my lord.""",,
luvi,you,P,,2sg,,ˈlu.vi,,"Formal nonbinary ""you"". Rarer than ludi or lunu. Older speakers in particular are likely to use ludi instead of luvi. Has no direct English translation, other than perhaps ""sir"".",,
zú,you,P,,2sg,PRM,ˈzu:,"From Sanényan zù /t͡su˥˩/","Zú is a very informal form of ""you"" found primarily in Puram Rokadong.",,
zenaz,you,P,,2sg,,ˈze.nað,,"Female variant of zena.",,
tauyaci,you,P,,2pl,,tauˈja.t͡ʃi,,"Irregular semi-formal plural ""you,"" considered a softening of ""tau tékuha"". Often used by a boss or coach when addressing their team.",,
"tau tékuha",you,P,,2pl,,"ˈtau te:ˈku.a",,"Semi-formal plural ""you."" ""Tau"" is preferred.",,
talah,you,P,,2pl,,ˈta.laʔ,,"Semi-formal plural ""you.""",,
shadena,young,ADJ,,,,ʃaˈde.nə,,,,
niki,zero,NUM,,,,ˈni.ki,,,,
nih,zeroth,ADJ,,,,ˈnɪʔ,,,,
